Doc Ref,Party Code,PO Number,Txn Dt,Entry Timestamp,Gross Val,Tax Amt,Curr,GST Invoice No,Status,Booked Under,Sanctioned By,Payment Dt
INV-3007,V-106,PO-2003,09/04/2025,09/04/2025 09:25,"₹17,425.96","₹2,658.20",INR,106/2025/1,paid,Logistics,E-103 D. Lakshmi,29/04/2025
INV-3014,V-012,PO-2006,15/08/2025,15/08/2025 10:22,"₹60,001.63","₹9,152.79",INR,012/2025/2,paid,Office Supplies,E-117 Q. Ravi,04/09/2025
INV-3021,V-102,PO-2009,07/10/2025,07/10/2025 11:09,"₹37,710.60","₹5,752.46",INR,102/2025/3,paid,IT Hardware,E-100 R. Muthukumar,27/10/2025
INV-3028,V-077,PO-2012,18/03/2026,18/03/2026 10:48,"₹48,962.62","₹7,468.87",INR,077/2026/4,paid,Electricals,E-108 M. Sathish,07/04/2026
INV-3035,V-044,PO-2015,26/01/2026,26/01/2026 11:24,"₹14,816.94","₹2,260.21",INR,044/2026/5,paid,Raw Materials,E-112 G. Priya,15/02/2026
INV-3042,V-014,PO-2018,25/12/2025,25/12/2025 09:00,"₹19,030.71","₹2,902.99",INR,014/2025/6,paid,Facilities,E-117 Q. Ravi,14/01/2026
INV-3049,V-110,PO-2021,13/05/2026,13/05/2026 12:20,"₹1,58,463.13","₹24,172.34",INR,110/2026/7,paid,Logistics,E-101 S. Anitha,02/06/2026
INV-3056,V-098,PO-2024,29/04/2025,29/04/2025 11:24,"₹43,387.67","₹6,618.46",INR,098/2025/8,paid,Office Supplies,E-106 P. Raghavan,19/05/2025
INV-3063,V-089,PO-2027,26/06/2025,26/06/2025 16:27,"₹45,311.26","₹6,911.89",INR,089/2025/9,paid,Logistics,E-100 R. Muthukumar,16/07/2025
INV-3070,V-095,PO-2030,26/11/2025,26/11/2025 18:24,"₹21,685.81","₹3,308.00",INR,095/2025/10,paid,Electricals,E-113 H. Vasanth,16/12/2025
INV-3077,V-090,PO-2033,05/08/2025,05/08/2025 17:20,"₹23,026.82","₹3,512.57",INR,090/2025/11,paid,Office Supplies,E-117 Q. Ravi,25/08/2025
INV-3084,V-115,PO-2036,04/04/2025,04/04/2025 14:52,"₹9,536.46","₹1,454.71",INR,115/2025/12,paid,Facilities,E-117 Q. Ravi,24/04/2025
INV-3091,V-067,PO-2039,22/01/2026,22/01/2026 09:32,"₹20,131.66","₹3,070.93",INR,067/2026/13,paid,Logistics,E-113 H. Vasanth,11/02/2026
INV-3098,V-041,PO-2042,04/12/2025,04/12/2025 13:26,"₹38,556.85","₹5,881.55",INR,041/2025/14,paid,IT Hardware,E-112 G. Priya,24/12/2025
INV-3105,V-070,PO-2045,26/12/2025,26/12/2025 09:55,"₹1,37,790.87","₹21,018.95",INR,070/2025/15,paid,IT Hardware,E-112 G. Priya,15/01/2026
INV-3112,V-093,PO-2048,30/06/2026,30/06/2026 14:22,"₹35,179.43","₹5,366.35",INR,093/2026/16,paid,Electricals,E-105 A. Fathima,20/07/2026
INV-3119,V-060,PO-2051,21/08/2025,21/08/2025 13:59,"₹30,303.78","₹4,622.61",INR,060/2025/17,paid,Packaging,E-116 F. Nazreen,10/09/2025
INV-3126,V-077,PO-2054,03/12/2025,03/12/2025 13:57,"₹5,323.40",₹812.04,INR,077/2025/18,paid,Professional Services,E-100 R. Muthukumar,23/12/2025
INV-3133,V-021,PO-2057,05/08/2025,05/08/2025 12:43,"₹8,511.34","₹1,298.34",INR,021/2025/19,paid,IT Hardware,E-102 K. Prakash,25/08/2025
INV-3140,V-107,PO-2060,30/07/2026,30/07/2026 15:57,"₹2,90,396.20","₹44,297.73",INR,107/2026/20,paid,Professional Services,E-105 A. Fathima,19/08/2026
INV-3147,V-070,PO-2063,11/06/2025,11/06/2025 18:37,"₹2,54,961.66","₹38,892.46",INR,070/2025/21,paid,IT Hardware,E-117 Q. Ravi,01/07/2025
INV-3154,V-052,PO-2066,26/03/2026,26/03/2026 16:11,"₹7,063.17","₹1,077.43",INR,052/2026/22,paid,Electricals,E-114 L. Meena,15/04/2026
INV-3161,V-118,PO-2069,11/06/2026,11/06/2026 15:52,"₹1,53,766.36","₹23,455.89",INR,118/2026/23,paid,Electricals,E-113 H. Vasanth,01/07/2026
INV-3168,V-032,PO-2072,09/04/2025,09/04/2025 19:57,"₹52,887.22","₹8,067.54",INR,032/2025/24,paid,Office Supplies,E-104 V. Sundaram,29/04/2025
INV-3175,V-098,PO-2075,12/01/2026,12/01/2026 12:14,"₹1,39,139.68","₹21,224.70",INR,098/2026/25,paid,Electricals,E-106 P. Raghavan,01/02/2026
INV-3182,V-056,PO-2078,04/08/2025,04/08/2025 13:41,"₹70,464.11","₹10,748.76",INR,056/2025/26,paid,IT Hardware,E-111 B. Senthil,24/08/2025
INV-3189,V-059,PO-2081,07/11/2025,07/11/2025 09:45,"₹5,931.53",₹904.81,INR,059/2025/27,paid,Raw Materials,E-114 L. Meena,27/11/2025
INV-3196,V-013,PO-2084,30/05/2025,30/05/2025 16:24,"₹15,620.17","₹2,382.74",INR,013/2025/28,paid,Logistics,E-104 V. Sundaram,19/06/2025
INV-3203,V-027,PO-2087,02/02/2026,02/02/2026 15:47,"₹56,877.21","₹8,676.18",INR,027/2026/29,paid,Office Supplies,E-100 R. Muthukumar,22/02/2026
INV-3210,V-104,PO-2090,20/05/2025,20/05/2025 12:58,"₹8,248.74","₹1,258.28",INR,104/2025/30,paid,Office Supplies,E-108 M. Sathish,09/06/2025
INV-3217,V-041,PO-2093,14/08/2025,14/08/2025 10:54,"₹2,85,796.20","₹43,596.03",INR,041/2025/31,paid,Logistics,E-108 M. Sathish,03/09/2025
INV-3224,V-108,PO-2096,17/06/2025,17/06/2025 19:24,"₹1,00,939.40","₹15,397.54",INR,108/2025/32,paid,Facilities,E-103 D. Lakshmi,07/07/2025
INV-3231,V-079,PO-2099,30/04/2026,30/04/2026 09:58,"₹45,285.45","₹6,907.95",INR,079/2026/33,paid,Office Supplies,E-110 T. Arulmozhi,20/05/2026
INV-3238,V-080,PO-2102,30/01/2026,30/01/2026 13:49,"₹94,082.06","₹14,351.50",INR,080/2026/34,paid,Electricals,E-106 P. Raghavan,19/02/2026
INV-3245,V-036,PO-2105,26/08/2025,26/08/2025 19:31,"₹19,861.08","₹3,029.66",INR,036/2025/35,paid,Professional Services,E-102 K. Prakash,15/09/2025
INV-3252,V-003,PO-2108,06/08/2025,06/08/2025 14:26,"₹23,253.26","₹3,547.11",INR,003/2025/36,paid,IT Hardware,E-101 S. Anitha,26/08/2025
INV-3259,V-050,PO-2111,18/07/2026,18/07/2026 16:41,"₹44,468.79","₹6,783.37",INR,050/2026/37,paid,Raw Materials,E-105 A. Fathima,07/08/2026
INV-3266,V-011,PO-2114,29/09/2025,29/09/2025 18:47,"₹3,97,521.61","₹60,638.89",INR,011/2025/38,paid,Facilities,E-111 B. Senthil,19/10/2025
INV-3273,V-049,PO-2117,26/05/2026,26/05/2026 17:27,"₹5,322.98",₹811.98,INR,049/2026/39,paid,Raw Materials,E-106 P. Raghavan,15/06/2026
INV-3280,V-089,PO-2120,04/11/2025,04/11/2025 10:50,"₹4,672.64",₹712.78,INR,089/2025/40,paid,IT Hardware,E-106 P. Raghavan,24/11/2025
INV-3287,V-100,PO-2123,28/03/2025,28/03/2025 12:59,"₹1,52,173.26","₹23,212.87",INR,100/2025/41,paid,Raw Materials,E-114 L. Meena,17/04/2025
INV-3294,V-104,PO-2126,05/01/2026,05/01/2026 15:43,"₹14,091.15","₹2,149.50",INR,104/2026/42,paid,Professional Services,E-115 C. Dinesh,25/01/2026
INV-3301,V-103,PO-2129,17/07/2025,17/07/2025 12:54,"₹2,63,265.24","₹40,159.10",INR,103/2025/43,paid,Packaging,E-111 B. Senthil,06/08/2025
INV-3308,V-060,PO-2132,24/09/2025,24/09/2025 10:39,"₹1,90,547.91","₹29,066.63",INR,060/2025/44,paid,Facilities,E-110 T. Arulmozhi,14/10/2025
INV-3315,V-024,PO-2135,27/03/2026,27/03/2026 19:15,"₹65,965.15","₹10,062.48",INR,024/2026/45,paid,Raw Materials,E-117 Q. Ravi,16/04/2026
INV-3322,V-085,PO-2138,29/08/2025,29/08/2025 16:19,"₹90,519.93","₹13,808.12",INR,085/2025/46,paid,Professional Services,E-113 H. Vasanth,18/09/2025
INV-3329,V-065,PO-2141,26/08/2025,26/08/2025 14:16,"₹1,31,766.64","₹20,100.00",INR,065/2025/47,paid,Packaging,E-104 V. Sundaram,15/09/2025
INV-3336,V-001,PO-2144,19/07/2025,19/07/2025 18:48,"₹2,15,363.12","₹32,852.00",INR,001/2025/48,paid,Office Supplies,E-109 J. Kavitha,08/08/2025
INV-3343,V-106,PO-2147,15/06/2026,15/06/2026 10:04,"₹2,88,640.00","₹44,029.83",INR,106/2026/49,paid,Electricals,E-108 M. Sathish,05/07/2026
INV-3350,V-109,PO-2150,08/05/2025,08/05/2025 18:19,"₹98,570.67","₹15,036.20",INR,109/2025/50,paid,Professional Services,E-109 J. Kavitha,28/05/2025
INV-3357,V-100,PO-2153,09/04/2025,09/04/2025 13:52,"₹3,47,254.38","₹52,971.01",INR,100/2025/51,paid,Facilities,E-101 S. Anitha,29/04/2025
INV-3364,V-072,PO-2156,27/01/2026,27/01/2026 13:18,"₹81,838.74","₹12,483.88",INR,072/2026/52,paid,Raw Materials,E-104 V. Sundaram,16/02/2026
INV-3371,V-023,PO-2159,02/06/2025,02/06/2025 13:26,"₹13,155.63","₹2,006.79",INR,023/2025/53,paid,Professional Services,E-112 G. Priya,22/06/2025
INV-3378,V-095,PO-2162,20/05/2026,20/05/2026 15:59,"₹38,203.25","₹5,827.61",INR,095/2026/54,paid,Facilities,E-100 R. Muthukumar,09/06/2026
INV-3385,V-091,PO-2165,17/04/2025,17/04/2025 14:25,"₹4,741.65",₹723.30,INR,091/2025/55,paid,Electricals,E-108 M. Sathish,07/05/2025
INV-3392,V-056,PO-2168,22/04/2025,22/04/2025 17:27,"₹67,656.14","₹10,320.43",INR,056/2025/56,paid,Office Supplies,E-107 N. Devika,12/05/2025
INV-3399,V-041,PO-2171,21/04/2026,21/04/2026 18:39,"₹4,79,875.70","₹73,201.38",INR,041/2026/57,paid,Facilities,E-113 H. Vasanth,11/05/2026
INV-3406,V-070,PO-2174,03/07/2025,03/07/2025 15:52,"₹59,607.42","₹9,092.66",INR,070/2025/58,paid,Professional Services,E-104 V. Sundaram,23/07/2025
INV-3413,V-106,PO-2177,26/03/2025,26/03/2025 13:38,"₹26,638.86","₹4,063.55",INR,106/2025/59,paid,Electricals,E-115 C. Dinesh,15/04/2025
INV-3420,V-051,PO-2180,08/04/2025,08/04/2025 09:00,"₹3,19,192.31","₹48,690.35",INR,051/2025/60,paid,Professional Services,E-101 S. Anitha,28/04/2025
INV-3427,V-101,PO-2183,02/07/2025,02/07/2025 12:02,"₹1,36,041.39","₹20,752.08",INR,101/2025/61,paid,IT Hardware,E-111 B. Senthil,22/07/2025
INV-3434,V-054,PO-2186,23/02/2026,23/02/2026 11:39,"₹35,612.29","₹5,432.38",INR,054/2026/62,paid,Facilities,E-111 B. Senthil,15/03/2026
INV-3441,V-084,PO-2189,10/12/2025,10/12/2025 10:33,"₹4,26,624.71","₹65,078.35",INR,084/2025/63,paid,IT Hardware,E-115 C. Dinesh,30/12/2025
INV-3448,V-118,PO-2192,09/09/2025,09/09/2025 19:44,"₹9,511.17","₹1,450.86",INR,118/2025/64,paid,Professional Services,E-111 B. Senthil,29/09/2025
INV-3455,V-030,PO-2195,05/03/2026,05/03/2026 13:35,"₹1,03,679.11","₹15,815.46",INR,030/2026/65,paid,Packaging,E-111 B. Senthil,25/03/2026
INV-3462,V-063,PO-2198,29/05/2025,29/05/2025 13:02,"₹77,404.66","₹11,807.49",INR,063/2025/66,paid,Electricals,E-104 V. Sundaram,18/06/2025
INV-3469,V-076,PO-2201,24/03/2026,24/03/2026 09:15,"₹1,13,837.33","₹17,365.02",INR,076/2026/67,paid,IT Hardware,E-105 A. Fathima,13/04/2026
INV-3476,V-031,PO-2204,25/03/2026,25/03/2026 13:05,"₹5,56,357.64","₹84,868.11",INR,031/2026/68,paid,Office Supplies,E-102 K. Prakash,14/04/2026
INV-3483,V-086,PO-2207,14/03/2025,14/03/2025 09:55,"₹11,994.45","₹1,829.66",INR,086/2025/69,paid,Raw Materials,E-110 T. Arulmozhi,03/04/2025
INV-3490,V-091,PO-2210,14/07/2025,14/07/2025 19:31,"₹1,29,539.94","₹19,760.33",INR,091/2025/70,paid,Logistics,E-117 Q. Ravi,03/08/2025
INV-3497,V-074,PO-2213,18/08/2025,18/08/2025 13:52,"₹5,64,529.32","₹86,114.64",INR,074/2025/71,paid,Logistics,E-117 Q. Ravi,07/09/2025
INV-3504,V-085,PO-2216,16/07/2026,16/07/2026 18:23,"₹5,48,914.94","₹83,732.79",INR,085/2026/72,paid,Professional Services,E-114 L. Meena,05/08/2026
INV-3511,V-094,PO-2219,19/11/2025,19/11/2025 14:45,"₹14,357.29","₹2,190.10",INR,094/2025/73,paid,Packaging,E-100 R. Muthukumar,09/12/2025
INV-3518,V-014,PO-2222,19/06/2026,19/06/2026 11:45,"₹3,40,312.91","₹51,912.14",INR,014/2026/74,paid,IT Hardware,E-116 F. Nazreen,09/07/2026
INV-3525,V-052,PO-2225,26/02/2026,26/02/2026 13:02,"₹6,697.13","₹1,021.60",INR,052/2026/75,paid,Logistics,E-113 H. Vasanth,18/03/2026
INV-3532,V-061,PO-2228,12/06/2026,12/06/2026 18:15,"₹1,59,717.65","₹24,363.71",INR,061/2026/76,paid,Electricals,E-106 P. Raghavan,02/07/2026
INV-3539,V-100,PO-2231,27/03/2026,27/03/2026 13:05,"₹1,58,861.02","₹24,233.04",INR,100/2026/77,paid,Logistics,E-116 F. Nazreen,16/04/2026
INV-3546,V-038,PO-2234,09/10/2025,09/10/2025 18:20,"₹4,348.03",₹663.26,INR,038/2025/78,paid,Logistics,E-100 R. Muthukumar,29/10/2025
INV-3553,V-118,PO-2237,17/07/2025,17/07/2025 14:09,"₹3,93,899.57","₹60,086.38",INR,118/2025/79,paid,Raw Materials,E-110 T. Arulmozhi,06/08/2025
INV-3560,V-031,PO-2240,13/10/2025,13/10/2025 10:44,"₹1,85,268.57","₹28,261.31",INR,031/2025/80,paid,IT Hardware,E-104 V. Sundaram,02/11/2025
INV-3567,V-007,PO-2243,15/04/2025,15/04/2025 10:35,"₹25,921.45","₹3,954.12",INR,007/2025/81,paid,Office Supplies,E-115 C. Dinesh,05/05/2025
INV-3574,V-013,PO-2246,05/12/2025,05/12/2025 12:52,"₹15,354.26","₹2,342.18",INR,013/2025/82,paid,Electricals,E-113 H. Vasanth,25/12/2025
INV-3581,V-049,PO-2249,11/05/2026,11/05/2026 11:49,"₹19,540.71","₹2,980.79",INR,049/2026/83,paid,Raw Materials,E-106 P. Raghavan,31/05/2026
INV-3588,V-068,PO-2252,05/05/2025,05/05/2025 12:53,"₹8,577.45","₹1,308.42",INR,068/2025/84,paid,Professional Services,E-104 V. Sundaram,25/05/2025
INV-3595,V-091,PO-2255,25/11/2025,25/11/2025 13:15,"₹9,864.41","₹1,504.74",INR,091/2025/85,paid,Raw Materials,E-102 K. Prakash,15/12/2025
INV-3602,V-088,PO-2258,30/04/2025,30/04/2025 10:25,"₹5,667.37",₹864.51,INR,088/2025/86,paid,Logistics,E-116 F. Nazreen,20/05/2025
INV-3609,V-085,PO-2261,17/10/2025,17/10/2025 10:26,"₹7,216.24","₹1,100.78",INR,085/2025/87,paid,Facilities,E-106 P. Raghavan,06/11/2025
INV-3616,V-108,PO-2264,15/04/2025,15/04/2025 09:34,"₹9,898.65","₹1,509.96",INR,108/2025/88,paid,Professional Services,E-100 R. Muthukumar,05/05/2025
INV-3623,V-051,PO-2267,27/11/2025,27/11/2025 15:44,"₹6,242.50",₹952.25,INR,051/2025/89,paid,Logistics,E-117 Q. Ravi,17/12/2025
INV-3630,V-072,PO-2270,25/04/2025,25/04/2025 19:43,"₹3,35,702.85","₹51,208.91",INR,072/2025/90,paid,Professional Services,E-112 G. Priya,15/05/2025
INV-3637,V-112,PO-2273,09/06/2026,09/06/2026 10:45,"₹32,581.12","₹4,970.00",INR,112/2026/91,paid,Facilities,E-115 C. Dinesh,29/06/2026
INV-3644,V-092,PO-2276,02/10/2025,02/10/2025 16:54,"₹30,647.31","₹4,675.01",INR,092/2025/92,paid,Raw Materials,E-103 D. Lakshmi,22/10/2025
INV-3651,V-114,PO-2279,22/07/2026,22/07/2026 19:54,"₹3,92,976.54","₹59,945.57",INR,114/2026/93,paid,Packaging,E-104 V. Sundaram,11/08/2026
INV-3658,V-005,PO-2282,12/05/2026,12/05/2026 12:01,"₹2,27,449.86","₹34,695.74",INR,005/2026/94,paid,Packaging,E-107 N. Devika,01/06/2026
INV-3665,V-078,PO-2285,14/08/2025,14/08/2025 18:24,"₹2,91,424.62","₹44,454.60",INR,078/2025/95,paid,Facilities,E-115 C. Dinesh,03/09/2025
INV-3672,V-100,PO-2288,14/07/2026,14/07/2026 10:19,"₹66,299.68","₹10,113.51",INR,100/2026/96,paid,Logistics,E-106 P. Raghavan,03/08/2026
INV-3679,V-118,PO-2291,06/07/2026,06/07/2026 12:44,"₹5,874.94",₹896.18,INR,118/2026/97,paid,Professional Services,E-109 J. Kavitha,26/07/2026
INV-3686,V-086,PO-2294,27/03/2025,27/03/2025 15:34,"₹49,861.80","₹7,606.04",INR,086/2025/98,paid,Office Supplies,E-106 P. Raghavan,16/04/2025
INV-3693,V-060,PO-2297,06/08/2025,06/08/2025 10:06,"₹4,907.91",₹748.66,INR,060/2025/99,paid,Packaging,E-115 C. Dinesh,26/08/2025
INV-3700,V-077,PO-2300,14/08/2025,14/08/2025 10:52,"₹54,263.28","₹8,277.45",INR,077/2025/100,paid,Logistics,E-100 R. Muthukumar,03/09/2025
INV-3707,V-062,PO-2303,18/08/2025,18/08/2025 19:01,"₹2,78,478.62","₹42,479.79",INR,062/2025/101,paid,Office Supplies,E-103 D. Lakshmi,07/09/2025
INV-3714,V-054,PO-2306,11/12/2025,11/12/2025 09:39,"₹2,32,624.16","₹35,485.04",INR,054/2025/102,paid,Professional Services,E-109 J. Kavitha,31/12/2025
INV-3721,V-033,PO-2309,24/10/2025,24/10/2025 13:24,"₹12,805.00","₹1,953.31",INR,033/2025/103,paid,Electricals,E-103 D. Lakshmi,13/11/2025
INV-3728,V-005,PO-2312,04/12/2025,04/12/2025 17:53,"₹5,831.67",₹889.58,INR,005/2025/104,paid,Professional Services,E-110 T. Arulmozhi,24/12/2025
INV-3735,V-049,PO-2315,02/04/2025,02/04/2025 16:45,"₹1,02,353.71","₹15,613.28",INR,049/2025/105,paid,Raw Materials,E-100 R. Muthukumar,22/04/2025
INV-3742,V-051,PO-2318,04/05/2026,04/05/2026 14:29,"₹2,28,920.29","₹34,920.04",INR,051/2026/106,paid,Electricals,E-110 T. Arulmozhi,24/05/2026
INV-3749,V-068,PO-2321,10/03/2026,10/03/2026 13:30,"₹4,70,551.04","₹71,778.97",INR,068/2026/107,paid,Packaging,E-113 H. Vasanth,30/03/2026
INV-3756,V-112,PO-2324,28/07/2026,28/07/2026 12:18,"₹4,22,938.08","₹64,515.98",INR,112/2026/108,paid,Logistics,E-111 B. Senthil,17/08/2026
INV-3763,V-072,PO-2327,29/07/2025,29/07/2025 12:30,"₹1,55,804.76","₹23,766.83",INR,072/2025/109,paid,Packaging,E-107 N. Devika,18/08/2025
INV-3770,V-116,PO-2330,24/07/2026,24/07/2026 14:48,"₹9,822.37","₹1,498.33",INR,116/2026/110,paid,Packaging,E-110 T. Arulmozhi,13/08/2026
INV-3777,V-029,PO-2333,13/03/2025,13/03/2025 17:20,"₹12,559.33","₹1,915.83",INR,029/2025/111,paid,Packaging,E-102 K. Prakash,02/04/2025
INV-3784,V-004,PO-2336,17/10/2025,17/10/2025 13:55,"₹40,846.92","₹6,230.89",INR,004/2025/112,paid,Logistics,E-117 Q. Ravi,06/11/2025
INV-3791,V-083,PO-2339,24/03/2026,24/03/2026 15:41,"₹1,37,251.60","₹20,936.68",INR,083/2026/113,paid,Logistics,E-105 A. Fathima,13/04/2026
INV-3798,V-034,PO-2342,11/12/2025,11/12/2025 18:47,"₹5,80,941.58","₹88,618.21",INR,034/2025/114,paid,Logistics,E-117 Q. Ravi,31/12/2025
INV-3805,V-070,PO-2345,24/10/2025,24/10/2025 10:12,"₹1,18,660.87","₹18,100.81",INR,070/2025/115,paid,Electricals,E-102 K. Prakash,13/11/2025
INV-3812,V-111,PO-2348,25/02/2026,25/02/2026 14:01,"₹3,64,624.11","₹55,620.63",INR,111/2026/116,paid,Office Supplies,E-113 H. Vasanth,17/03/2026
INV-3819,V-018,PO-2351,06/10/2025,06/10/2025 14:26,"₹8,917.52","₹1,360.30",INR,018/2025/117,paid,Raw Materials,E-104 V. Sundaram,26/10/2025
INV-3826,V-025,PO-2354,13/03/2025,13/03/2025 17:18,"₹52,626.07","₹8,027.71",INR,025/2025/118,paid,Office Supplies,E-116 F. Nazreen,02/04/2025
INV-3833,V-085,PO-2357,18/06/2026,18/06/2026 18:49,"₹2,73,639.28","₹41,741.59",INR,085/2026/119,paid,Logistics,E-101 S. Anitha,08/07/2026
INV-3840,V-078,PO-2360,05/05/2026,05/05/2026 19:05,"₹6,615.49","₹1,009.14",INR,078/2026/120,paid,Facilities,E-111 B. Senthil,25/05/2026
INV-3847,V-028,PO-2363,20/03/2026,20/03/2026 11:46,"₹43,508.77","₹6,636.93",INR,028/2026/121,paid,Electricals,E-114 L. Meena,09/04/2026
INV-3854,V-090,PO-2366,24/06/2026,24/06/2026 14:39,"₹58,204.74","₹8,878.69",INR,090/2026/122,paid,Packaging,E-113 H. Vasanth,14/07/2026
INV-3861,V-057,PO-2369,03/09/2025,03/09/2025 14:01,"₹7,208.89","₹1,099.66",INR,057/2025/123,paid,Professional Services,E-107 N. Devika,23/09/2025
INV-3868,V-040,PO-2372,30/07/2025,30/07/2025 16:25,"₹3,22,081.69","₹49,131.11",INR,040/2025/124,paid,Professional Services,E-103 D. Lakshmi,19/08/2025
INV-3875,V-082,PO-2375,12/05/2025,12/05/2025 16:54,"₹61,234.38","₹9,340.84",INR,082/2025/125,paid,Raw Materials,E-102 K. Prakash,01/06/2025
INV-3882,V-004,PO-2378,07/07/2025,07/07/2025 10:19,"₹6,947.86","₹1,059.84",INR,004/2025/126,paid,Office Supplies,E-102 K. Prakash,27/07/2025
INV-3889,V-022,PO-2381,27/05/2026,27/05/2026 09:29,"₹4,568.67",₹696.92,INR,022/2026/127,paid,Facilities,E-107 N. Devika,16/06/2026
INV-3896,V-068,PO-2384,18/12/2025,18/12/2025 18:56,"₹23,381.70","₹3,566.70",INR,068/2025/128,paid,Facilities,E-106 P. Raghavan,07/01/2026
INV-3903,V-084,PO-2387,17/04/2025,17/04/2025 18:10,"₹12,713.43","₹1,939.34",INR,084/2025/129,paid,Packaging,E-112 G. Priya,07/05/2025
INV-3910,V-017,PO-2390,14/05/2026,14/05/2026 12:45,"₹10,950.45","₹1,670.41",INR,017/2026/130,paid,Office Supplies,E-101 S. Anitha,03/06/2026
INV-3917,V-076,PO-2393,22/04/2025,22/04/2025 19:40,"₹5,52,597.16","₹84,294.48",INR,076/2025/131,paid,Professional Services,E-112 G. Priya,12/05/2025
INV-3924,V-117,PO-2396,31/10/2025,31/10/2025 09:59,"₹51,859.90","₹7,910.83",INR,117/2025/132,paid,Raw Materials,E-103 D. Lakshmi,20/11/2025
INV-3931,V-064,PO-2399,15/07/2026,15/07/2026 13:04,"₹67,508.74","₹10,297.94",INR,064/2026/133,paid,Electricals,E-102 K. Prakash,04/08/2026
INV-3938,V-100,PO-2402,13/03/2026,13/03/2026 18:00,"₹4,109.71",₹626.90,INR,100/2026/134,paid,Professional Services,E-104 V. Sundaram,02/04/2026
INV-3945,V-033,PO-2405,10/11/2025,10/11/2025 13:16,"₹5,43,127.88","₹82,850.02",INR,033/2025/135,paid,Packaging,E-102 K. Prakash,30/11/2025
INV-3952,V-065,PO-2408,20/05/2026,20/05/2026 12:47,"₹17,429.09","₹2,658.67",INR,065/2026/136,paid,Logistics,E-115 C. Dinesh,09/06/2026
INV-3959,V-068,PO-2411,10/10/2025,10/10/2025 17:09,"₹17,354.35","₹2,647.27",INR,068/2025/137,paid,Facilities,E-109 J. Kavitha,30/10/2025
INV-3966,V-114,PO-2414,09/02/2026,09/02/2026 11:36,"₹35,504.33","₹5,415.91",INR,114/2026/138,paid,Office Supplies,E-101 S. Anitha,01/03/2026
INV-3973,V-004,PO-2417,10/08/2026,10/08/2026 16:22,"₹4,886.03",₹745.33,INR,004/2026/139,paid,Office Supplies,E-113 H. Vasanth,30/08/2026
INV-3980,V-079,PO-2420,05/02/2026,05/02/2026 09:47,"₹7,276.03","₹1,109.90",INR,079/2026/140,paid,Packaging,E-104 V. Sundaram,25/02/2026
INV-3987,V-015,PO-2423,15/10/2025,15/10/2025 12:52,"₹71,683.44","₹10,934.76",INR,015/2025/141,paid,Office Supplies,E-110 T. Arulmozhi,04/11/2025
INV-3994,V-096,PO-2426,30/04/2026,30/04/2026 19:44,"₹3,06,054.32","₹46,686.25",INR,096/2026/142,paid,Professional Services,E-117 Q. Ravi,20/05/2026
INV-4001,V-042,PO-2429,03/12/2025,03/12/2025 14:30,"₹12,674.95","₹1,933.47",INR,042/2025/143,paid,Facilities,E-104 V. Sundaram,23/12/2025
INV-4008,V-057,PO-2432,29/04/2026,29/04/2026 15:47,"₹11,156.94","₹1,701.91",INR,057/2026/144,paid,Electricals,E-116 F. Nazreen,19/05/2026
INV-4015,V-082,PO-2435,05/03/2026,05/03/2026 14:43,"₹13,882.76","₹2,117.71",INR,082/2026/145,paid,Office Supplies,E-109 J. Kavitha,25/03/2026
INV-4022,V-034,PO-2438,18/04/2025,18/04/2025 12:02,"₹11,380.86","₹1,736.06",INR,034/2025/146,paid,Professional Services,E-116 F. Nazreen,08/05/2025
INV-4029,V-060,PO-2441,11/08/2026,11/08/2026 12:35,"₹1,65,703.83","₹25,276.86",INR,060/2026/147,paid,Electricals,E-105 A. Fathima,31/08/2026
INV-4036,V-035,PO-2444,24/04/2026,24/04/2026 09:44,"₹22,138.09","₹3,377.00",INR,035/2026/148,paid,Packaging,E-101 S. Anitha,14/05/2026
INV-4043,V-062,PO-2447,20/05/2025,20/05/2025 14:28,"₹18,511.71","₹2,823.82",INR,062/2025/149,paid,Packaging,E-102 K. Prakash,09/06/2025
INV-4050,V-066,PO-2450,05/08/2026,05/08/2026 14:27,"₹5,48,255.07","₹83,632.13",INR,066/2026/150,paid,Raw Materials,E-105 A. Fathima,25/08/2026
INV-4057,V-028,PO-2453,04/07/2025,04/07/2025 09:08,"₹18,088.73","₹2,759.30",INR,028/2025/151,paid,Facilities,E-108 M. Sathish,24/07/2025
INV-4064,V-099,PO-2456,12/03/2026,12/03/2026 14:08,"₹1,57,459.78","₹24,019.29",INR,099/2026/152,paid,Electricals,E-115 C. Dinesh,01/04/2026
INV-4071,V-106,PO-2459,10/07/2025,10/07/2025 18:58,"₹75,052.00","₹11,448.61",INR,106/2025/153,paid,Office Supplies,E-114 L. Meena,30/07/2025
INV-4078,V-088,PO-2462,12/09/2025,12/09/2025 14:11,"₹5,039.83",₹768.79,INR,088/2025/154,paid,IT Hardware,E-112 G. Priya,02/10/2025
INV-4085,V-065,PO-2465,19/06/2025,19/06/2025 10:04,"₹1,37,867.63","₹21,030.66",INR,065/2025/155,paid,IT Hardware,E-103 D. Lakshmi,09/07/2025
INV-4092,V-020,PO-2468,22/04/2026,22/04/2026 18:48,"₹39,369.69","₹6,005.55",INR,020/2026/156,paid,Professional Services,E-111 B. Senthil,12/05/2026
INV-4099,V-027,PO-2471,14/10/2025,14/10/2025 15:06,"₹4,96,212.04","₹75,693.36",INR,027/2025/157,paid,Facilities,E-105 A. Fathima,03/11/2025
INV-4106,V-100,PO-2474,18/11/2025,18/11/2025 16:35,"₹99,434.90","₹15,168.04",INR,100/2025/158,paid,Electricals,E-110 T. Arulmozhi,08/12/2025
INV-4113,V-028,PO-2477,09/07/2026,09/07/2026 09:33,"₹11,572.53","₹1,765.30",INR,028/2026/159,paid,Electricals,E-100 R. Muthukumar,29/07/2026
INV-4120,V-051,PO-2480,18/07/2025,18/07/2025 11:23,"₹6,604.10","₹1,007.41",INR,051/2025/160,paid,Packaging,E-108 M. Sathish,07/08/2025
INV-4127,V-051,PO-2483,31/03/2026,31/03/2026 13:21,"₹5,73,061.04","₹87,416.09",INR,051/2026/161,paid,Office Supplies,E-115 C. Dinesh,20/04/2026
INV-4134,V-085,PO-2486,25/03/2026,25/03/2026 14:29,"₹2,05,002.18","₹31,271.52",INR,085/2026/162,paid,Electricals,E-117 Q. Ravi,14/04/2026
INV-4141,V-010,PO-2489,15/04/2026,15/04/2026 18:57,"₹17,881.14","₹2,727.63",INR,010/2026/163,paid,IT Hardware,E-117 Q. Ravi,05/05/2026
INV-4148,V-055,PO-2492,08/05/2026,08/05/2026 19:03,"₹5,892.98",₹898.93,INR,055/2026/164,paid,Packaging,E-103 D. Lakshmi,28/05/2026
INV-4155,V-003,PO-2495,04/05/2026,04/05/2026 13:24,"₹2,41,147.41","₹36,785.20",INR,003/2026/165,paid,Logistics,E-116 F. Nazreen,24/05/2026
INV-4162,V-059,PO-2498,08/08/2025,08/08/2025 11:15,"₹3,24,897.93","₹49,560.70",INR,059/2025/166,paid,Office Supplies,E-113 H. Vasanth,28/08/2025
INV-4169,V-104,PO-2501,09/06/2025,09/06/2025 09:47,"₹16,410.81","₹2,503.34",INR,104/2025/167,paid,Professional Services,E-117 Q. Ravi,29/06/2025
INV-4176,V-116,PO-2504,12/09/2025,12/09/2025 15:28,"₹6,785.56","₹1,035.09",INR,116/2025/168,paid,Professional Services,E-108 M. Sathish,02/10/2025
INV-4183,V-048,PO-2507,09/06/2025,09/06/2025 19:03,"₹87,306.27","₹13,317.91",INR,048/2025/169,paid,IT Hardware,E-105 A. Fathima,29/06/2025
INV-4190,V-105,PO-2510,12/06/2025,12/06/2025 09:45,"₹1,98,349.95","₹30,256.77",INR,105/2025/170,paid,IT Hardware,E-117 Q. Ravi,02/07/2025
INV-4197,V-021,PO-2513,29/05/2026,29/05/2026 18:31,"₹4,38,883.71","₹66,948.36",INR,021/2026/171,paid,Logistics,E-101 S. Anitha,18/06/2026
INV-4204,V-081,PO-2516,01/05/2025,01/05/2025 11:18,"₹20,026.71","₹3,054.92",INR,081/2025/172,paid,Facilities,E-104 V. Sundaram,21/05/2025
INV-4211,V-053,PO-2519,14/04/2025,14/04/2025 18:15,"₹6,686.87","₹1,020.03",INR,053/2025/173,paid,Logistics,E-103 D. Lakshmi,04/05/2025
INV-4218,V-004,PO-2522,25/03/2025,25/03/2025 10:34,"₹37,332.99","₹5,694.86",INR,004/2025/174,paid,Electricals,E-116 F. Nazreen,14/04/2025
INV-4225,V-061,PO-2525,16/06/2025,16/06/2025 14:28,"₹55,895.90","₹8,526.49",INR,061/2025/175,paid,IT Hardware,E-101 S. Anitha,06/07/2025
INV-4232,V-014,PO-2528,05/06/2025,05/06/2025 09:52,"₹1,93,477.78","₹29,513.56",INR,014/2025/176,paid,Logistics,E-117 Q. Ravi,25/06/2025
INV-4239,V-096,PO-2531,14/11/2025,14/11/2025 10:43,"₹3,06,355.93","₹46,732.26",INR,096/2025/177,paid,IT Hardware,E-108 M. Sathish,04/12/2025
INV-4246,V-109,PO-2534,22/04/2025,22/04/2025 09:31,"₹1,17,579.98","₹17,935.93",INR,109/2025/178,paid,Raw Materials,E-102 K. Prakash,12/05/2025
INV-4253,V-087,PO-2537,14/11/2025,14/11/2025 15:26,"₹63,695.23","₹9,716.22",INR,087/2025/179,paid,Packaging,E-102 K. Prakash,04/12/2025
INV-4260,V-114,PO-2540,13/11/2025,13/11/2025 10:37,"₹11,989.68","₹1,828.93",INR,114/2025/180,paid,Professional Services,E-105 A. Fathima,03/12/2025
INV-4267,V-107,PO-2543,16/03/2026,16/03/2026 11:08,"₹77,023.80","₹11,749.39",INR,107/2026/181,paid,Electricals,E-112 G. Priya,05/04/2026
INV-4274,V-101,PO-2546,22/04/2026,22/04/2026 15:58,"₹16,521.92","₹2,520.29",INR,101/2026/182,paid,IT Hardware,E-113 H. Vasanth,12/05/2026
INV-4281,V-080,PO-2549,28/07/2026,28/07/2026 14:32,"₹6,041.48",₹921.58,INR,080/2026/183,paid,Raw Materials,E-116 F. Nazreen,17/08/2026
INV-4288,V-013,PO-2552,09/03/2026,09/03/2026 16:59,"₹5,412.62",₹825.65,INR,013/2026/184,paid,Professional Services,E-105 A. Fathima,29/03/2026
INV-4295,V-094,PO-2555,25/05/2026,25/05/2026 13:05,"₹83,687.10","₹12,765.83",INR,094/2026/185,paid,Logistics,E-117 Q. Ravi,14/06/2026
INV-4302,V-050,PO-2558,21/07/2026,21/07/2026 19:19,"₹3,50,145.43","₹53,412.01",INR,050/2026/186,paid,Office Supplies,E-111 B. Senthil,10/08/2026
INV-4309,V-049,PO-2561,13/04/2026,13/04/2026 19:05,"₹47,024.81","₹7,173.28",INR,049/2026/187,paid,Professional Services,E-103 D. Lakshmi,03/05/2026
INV-4316,V-020,PO-2564,05/09/2025,05/09/2025 13:27,"₹8,294.94","₹1,265.33",INR,020/2025/188,paid,Facilities,E-104 V. Sundaram,25/09/2025
INV-4323,V-006,PO-2567,31/12/2025,31/12/2025 19:53,"₹74,195.68","₹11,317.99",INR,006/2025/189,paid,Raw Materials,E-100 R. Muthukumar,20/01/2026
INV-4330,V-087,PO-2570,26/02/2026,26/02/2026 17:46,"₹1,32,180.82","₹20,163.18",INR,087/2026/190,paid,Office Supplies,E-114 L. Meena,18/03/2026
INV-4337,V-106,PO-2573,16/09/2025,16/09/2025 11:39,"₹4,526.97",₹690.55,INR,106/2025/191,paid,Office Supplies,E-102 K. Prakash,06/10/2025
INV-4344,V-114,PO-2576,20/03/2025,20/03/2025 13:27,"₹61,256.36","₹9,344.19",INR,114/2025/192,paid,Electricals,E-113 H. Vasanth,09/04/2025
INV-4351,V-112,PO-2579,12/05/2025,12/05/2025 12:44,"₹8,241.58","₹1,257.19",INR,112/2025/193,paid,Office Supplies,E-108 M. Sathish,01/06/2025
INV-4358,V-081,PO-2582,01/05/2026,01/05/2026 15:46,"₹3,54,967.59","₹54,147.60",INR,081/2026/194,paid,Electricals,E-115 C. Dinesh,21/05/2026
INV-4365,V-088,PO-2585,04/04/2025,04/04/2025 13:22,"₹1,25,250.26","₹19,105.97",INR,088/2025/195,paid,Office Supplies,E-117 Q. Ravi,24/04/2025
INV-4372,V-044,PO-2588,20/07/2026,20/07/2026 12:52,"₹5,926.05",₹903.97,INR,044/2026/196,paid,Office Supplies,E-114 L. Meena,09/08/2026
INV-4379,V-087,PO-2591,06/01/2026,06/01/2026 14:08,"₹4,679.50",₹713.82,INR,087/2026/197,paid,Packaging,E-106 P. Raghavan,26/01/2026
INV-4386,V-040,PO-2594,18/08/2025,18/08/2025 09:34,"₹1,36,970.12","₹20,893.75",INR,040/2025/198,paid,IT Hardware,E-102 K. Prakash,07/09/2025
INV-4393,V-058,PO-2597,30/01/2026,30/01/2026 18:38,"₹69,484.21","₹10,599.29",INR,058/2026/199,paid,Raw Materials,E-111 B. Senthil,19/02/2026
INV-4400,V-054,PO-2600,20/01/2026,20/01/2026 18:34,"₹6,447.36",₹983.50,INR,054/2026/200,paid,Packaging,E-116 F. Nazreen,09/02/2026
INV-4407,V-105,PO-2603,24/04/2026,24/04/2026 14:37,"₹33,840.43","₹5,162.10",INR,105/2026/201,paid,Electricals,E-108 M. Sathish,14/05/2026
INV-4414,V-036,PO-2606,06/08/2025,06/08/2025 12:32,"₹48,844.82","₹7,450.90",INR,036/2025/202,paid,IT Hardware,E-116 F. Nazreen,26/08/2025
INV-4421,V-028,PO-2609,30/12/2025,30/12/2025 18:38,"₹6,212.31",₹947.64,INR,028/2025/203,paid,Office Supplies,E-101 S. Anitha,19/01/2026
INV-4428,V-084,PO-2612,06/07/2026,06/07/2026 19:19,"₹45,440.12","₹6,931.54",INR,084/2026/204,paid,Electricals,E-116 F. Nazreen,26/07/2026
INV-4435,V-049,PO-2615,16/06/2025,16/06/2025 19:53,"₹5,34,196.23","₹81,487.56",INR,049/2025/205,paid,Packaging,E-110 T. Arulmozhi,06/07/2025
INV-4442,V-074,PO-2618,10/10/2025,10/10/2025 09:00,"₹14,413.02","₹2,198.60",INR,074/2025/206,paid,Electricals,E-112 G. Priya,30/10/2025
INV-4449,V-092,PO-2621,29/05/2026,29/05/2026 12:01,"₹29,002.01","₹4,424.04",INR,092/2026/207,paid,Raw Materials,E-111 B. Senthil,18/06/2026
INV-4456,V-054,PO-2624,02/09/2025,02/09/2025 16:35,"₹53,810.89","₹8,208.44",INR,054/2025/208,paid,Facilities,E-115 C. Dinesh,22/09/2025
INV-4463,V-060,PO-2627,23/10/2025,23/10/2025 13:20,"₹36,989.34","₹5,642.44",INR,060/2025/209,paid,Professional Services,E-115 C. Dinesh,12/11/2025
INV-4470,V-110,PO-2630,12/11/2025,12/11/2025 09:47,"₹9,600.19","₹1,464.44",INR,110/2025/210,paid,Office Supplies,E-110 T. Arulmozhi,02/12/2025
INV-4477,V-095,PO-2633,13/05/2026,13/05/2026 19:08,"₹6,127.96",₹934.77,INR,095/2026/211,paid,IT Hardware,E-109 J. Kavitha,02/06/2026
INV-4484,V-084,PO-2636,05/06/2025,05/06/2025 16:37,"₹8,121.36","₹1,238.85",INR,084/2025/212,paid,Raw Materials,E-115 C. Dinesh,25/06/2025
INV-4491,V-100,PO-2639,21/02/2026,21/02/2026 14:13,"₹1,85,118.06","₹28,238.35",INR,100/2026/213,paid,Logistics,E-111 B. Senthil,13/03/2026
INV-4498,V-087,PO-2642,01/12/2025,01/12/2025 17:07,"₹16,344.23","₹2,493.19",INR,087/2025/214,paid,Office Supplies,E-115 C. Dinesh,21/12/2025
INV-4505,V-025,PO-2645,20/08/2025,20/08/2025 10:14,"₹51,124.84","₹7,798.70",INR,025/2025/215,paid,Packaging,E-115 C. Dinesh,09/09/2025
INV-4512,V-090,PO-2648,26/06/2026,26/06/2026 14:28,"₹7,895.57","₹1,204.41",INR,090/2026/216,paid,Logistics,E-116 F. Nazreen,16/07/2026
INV-4519,V-095,PO-2651,11/12/2025,11/12/2025 09:11,"₹5,311.69",₹810.26,INR,095/2025/217,paid,IT Hardware,E-107 N. Devika,31/12/2025
INV-4526,V-011,PO-2654,11/09/2025,11/09/2025 12:32,"₹1,03,337.88","₹15,763.41",INR,011/2025/218,paid,Office Supplies,E-117 Q. Ravi,01/10/2025
INV-4533,V-038,PO-2657,02/06/2025,02/06/2025 12:25,"₹1,18,432.49","₹18,065.97",INR,038/2025/219,paid,Professional Services,E-116 F. Nazreen,22/06/2025
INV-4540,V-117,PO-2660,06/08/2026,06/08/2026 14:52,"₹40,082.54","₹6,114.29",INR,117/2026/220,paid,Professional Services,E-103 D. Lakshmi,26/08/2026
INV-4547,V-003,PO-2663,19/05/2025,19/05/2025 10:27,"₹4,303.06",₹656.40,INR,003/2025/221,paid,Office Supplies,E-106 P. Raghavan,08/06/2025
INV-4554,V-009,PO-2666,29/12/2025,29/12/2025 11:21,"₹3,90,069.61","₹59,502.14",INR,009/2025/222,paid,Electricals,E-102 K. Prakash,18/01/2026
INV-4561,V-056,PO-2669,11/11/2025,11/11/2025 14:59,"₹5,637.04",₹859.89,INR,056/2025/223,paid,Raw Materials,E-109 J. Kavitha,01/12/2025
INV-4568,V-088,PO-2672,03/08/2026,03/08/2026 14:51,"₹39,665.82","₹6,050.72",INR,088/2026/224,paid,IT Hardware,E-102 K. Prakash,23/08/2026
INV-4575,V-096,PO-2675,05/09/2025,05/09/2025 09:48,"₹58,121.41","₹8,865.98",INR,096/2025/225,paid,Raw Materials,E-113 H. Vasanth,25/09/2025
INV-4582,V-021,PO-2678,25/06/2025,25/06/2025 12:24,"₹7,560.45","₹1,153.29",INR,021/2025/226,paid,Logistics,E-110 T. Arulmozhi,15/07/2025
INV-4589,V-091,PO-2681,26/09/2025,26/09/2025 18:52,"₹7,294.49","₹1,112.72",INR,091/2025/227,paid,Office Supplies,E-103 D. Lakshmi,16/10/2025
INV-4596,V-005,PO-2684,21/11/2025,21/11/2025 09:32,"₹3,49,341.17","₹53,289.33",INR,005/2025/228,paid,Office Supplies,E-110 T. Arulmozhi,11/12/2025
INV-4603,V-018,PO-2687,12/06/2025,12/06/2025 13:01,"₹68,064.54","₹10,382.73",INR,018/2025/229,paid,Professional Services,E-109 J. Kavitha,02/07/2025
INV-4610,V-079,PO-2690,14/04/2026,14/04/2026 14:04,"₹2,07,042.55","₹31,582.76",INR,079/2026/230,paid,Raw Materials,E-108 M. Sathish,04/05/2026
INV-4617,V-025,PO-2693,04/07/2025,04/07/2025 19:07,"₹53,942.53","₹8,228.52",INR,025/2025/231,paid,Professional Services,E-113 H. Vasanth,24/07/2025
INV-4624,V-082,PO-2696,27/05/2026,27/05/2026 10:03,"₹60,194.98","₹9,182.29",INR,082/2026/232,paid,Raw Materials,E-111 B. Senthil,16/06/2026
INV-4631,V-114,PO-2699,07/05/2026,07/05/2026 16:55,"₹3,65,475.39","₹55,750.48",INR,114/2026/233,paid,Facilities,E-112 G. Priya,27/05/2026
INV-4638,V-041,PO-2702,18/03/2025,18/03/2025 17:24,"₹28,168.48","₹4,296.89",INR,041/2025/234,paid,Office Supplies,E-109 J. Kavitha,07/04/2025
INV-4645,V-013,PO-2705,20/08/2026,20/08/2026 09:36,"₹4,47,355.82","₹68,240.72",INR,013/2026/235,paid,IT Hardware,E-102 K. Prakash,09/09/2026
INV-4652,V-115,PO-2708,19/11/2025,19/11/2025 11:22,"₹8,479.34","₹1,293.46",INR,115/2025/236,paid,Office Supplies,E-107 N. Devika,09/12/2025
INV-4659,V-012,PO-2711,12/08/2026,12/08/2026 14:29,"₹4,424.97",₹675.00,INR,012/2026/237,paid,Office Supplies,E-113 H. Vasanth,01/09/2026
INV-4666,V-066,PO-2714,27/06/2025,27/06/2025 09:36,"₹76,442.15","₹11,660.67",INR,066/2025/238,paid,Raw Materials,E-103 D. Lakshmi,17/07/2025
INV-4673,V-057,PO-2717,22/07/2026,22/07/2026 13:36,"₹1,95,159.01","₹29,770.02",INR,057/2026/239,paid,Professional Services,E-112 G. Priya,11/08/2026
INV-4680,V-117,PO-2720,04/05/2026,04/05/2026 15:59,"₹25,177.38","₹3,840.62",INR,117/2026/240,paid,Packaging,E-111 B. Senthil,24/05/2026
INV-4687,V-086,PO-2723,13/04/2026,13/04/2026 09:19,"₹2,68,578.50","₹40,969.60",INR,086/2026/241,paid,Electricals,E-102 K. Prakash,03/05/2026
INV-4694,V-007,PO-2726,24/02/2026,24/02/2026 14:58,"₹18,788.38","₹2,866.02",INR,007/2026/242,paid,Professional Services,E-101 S. Anitha,16/03/2026
INV-4701,V-017,PO-2729,18/07/2025,18/07/2025 09:09,"₹20,289.73","₹3,095.04",INR,017/2025/243,paid,Office Supplies,E-105 A. Fathima,07/08/2025
INV-4708,V-011,PO-2732,27/05/2026,27/05/2026 19:06,"₹1,03,520.21","₹15,791.22",INR,011/2026/244,paid,Electricals,E-106 P. Raghavan,16/06/2026
INV-4715,V-039,PO-2735,26/05/2025,26/05/2025 18:45,"₹31,944.53","₹4,872.89",INR,039/2025/245,paid,Packaging,E-102 K. Prakash,15/06/2025
INV-4722,V-108,PO-2738,21/04/2025,21/04/2025 12:54,"₹4,21,489.25","₹64,294.97",INR,108/2025/246,paid,Professional Services,E-113 H. Vasanth,11/05/2025
INV-4729,V-041,PO-2741,22/06/2026,22/06/2026 13:35,"₹5,37,860.16","₹82,046.47",INR,041/2026/247,paid,Packaging,E-110 T. Arulmozhi,12/07/2026
INV-4736,V-095,PO-2744,02/09/2025,02/09/2025 15:48,"₹5,45,314.79","₹83,183.61",INR,095/2025/248,paid,Packaging,E-108 M. Sathish,22/09/2025
INV-4743,V-038,PO-2747,25/03/2026,25/03/2026 15:51,"₹3,90,092.47","₹59,505.63",INR,038/2026/249,paid,Electricals,E-111 B. Senthil,14/04/2026
INV-4750,V-022,PO-2750,03/04/2025,03/04/2025 09:29,"₹1,05,216.07","₹16,049.91",INR,022/2025/250,paid,Logistics,E-106 P. Raghavan,23/04/2025
INV-4757,V-081,PO-2753,16/09/2025,16/09/2025 17:37,"₹65,975.56","₹10,064.07",INR,081/2025/251,paid,Electricals,E-116 F. Nazreen,06/10/2025
INV-4764,V-086,PO-2756,23/07/2025,23/07/2025 14:40,"₹8,128.80","₹1,239.99",INR,086/2025/252,paid,Electricals,E-113 H. Vasanth,12/08/2025
INV-4771,V-040,PO-2759,11/09/2025,11/09/2025 12:21,"₹3,70,841.63","₹56,569.06",INR,040/2025/253,paid,Electricals,E-102 K. Prakash,01/10/2025
INV-4778,V-100,PO-2762,11/09/2025,11/09/2025 15:35,"₹14,482.41","₹2,209.18",INR,100/2025/254,paid,Raw Materials,E-107 N. Devika,01/10/2025
INV-4785,V-095,PO-2765,30/01/2026,30/01/2026 15:44,"₹92,134.38","₹14,054.40",INR,095/2026/255,paid,Packaging,E-108 M. Sathish,19/02/2026
INV-4792,V-079,PO-2768,06/11/2025,06/11/2025 13:43,"₹5,54,727.23","₹84,619.41",INR,079/2025/256,paid,Electricals,E-105 A. Fathima,26/11/2025
INV-4799,V-069,PO-2771,19/11/2025,19/11/2025 16:02,"₹1,71,701.68","₹26,191.78",INR,069/2025/257,paid,Logistics,E-103 D. Lakshmi,09/12/2025
INV-4806,V-105,PO-2774,21/11/2025,21/11/2025 16:05,"₹1,44,159.76","₹21,990.47",INR,105/2025/258,paid,Logistics,E-111 B. Senthil,11/12/2025
INV-4813,V-034,PO-2777,23/05/2025,23/05/2025 19:22,"₹1,16,139.95","₹17,716.26",INR,034/2025/259,paid,Logistics,E-100 R. Muthukumar,12/06/2025
INV-4820,V-084,PO-2780,17/04/2025,17/04/2025 11:09,"₹1,28,731.78","₹19,637.05",INR,084/2025/260,paid,Electricals,E-101 S. Anitha,07/05/2025
INV-4827,V-059,PO-2783,05/09/2025,05/09/2025 18:12,"₹94,279.15","₹14,381.57",INR,059/2025/261,paid,Office Supplies,E-116 F. Nazreen,25/09/2025
INV-4834,V-003,PO-2786,14/10/2025,14/10/2025 12:35,"₹68,194.28","₹10,402.52",INR,003/2025/262,paid,Packaging,E-102 K. Prakash,03/11/2025
INV-4841,V-036,PO-2789,02/04/2025,02/04/2025 14:40,"₹17,374.34","₹2,650.32",INR,036/2025/263,paid,Facilities,E-112 G. Priya,22/04/2025
INV-4848,V-038,PO-2792,21/03/2025,21/03/2025 16:09,"₹10,069.18","₹1,535.98",INR,038/2025/264,paid,Professional Services,E-116 F. Nazreen,10/04/2025
INV-4855,V-030,PO-2795,26/11/2025,26/11/2025 15:52,"₹7,605.35","₹1,160.14",INR,030/2025/265,paid,Facilities,E-115 C. Dinesh,16/12/2025
INV-4862,V-014,PO-2798,24/09/2025,24/09/2025 09:30,"₹24,977.83","₹3,810.18",INR,014/2025/266,paid,Raw Materials,E-115 C. Dinesh,14/10/2025
INV-4869,V-036,PO-2801,20/08/2025,20/08/2025 14:42,"₹1,47,605.23","₹22,516.05",INR,036/2025/267,paid,Facilities,E-103 D. Lakshmi,09/09/2025
INV-4876,V-047,PO-2804,25/06/2025,25/06/2025 12:40,"₹4,98,784.96","₹76,085.84",INR,047/2025/268,paid,Electricals,E-105 A. Fathima,15/07/2025
INV-4883,V-105,PO-2807,13/04/2026,13/04/2026 11:51,"₹1,21,234.97","₹18,493.47",INR,105/2026/269,paid,Raw Materials,E-112 G. Priya,03/05/2026
INV-4890,V-021,PO-2810,12/06/2025,12/06/2025 10:29,"₹12,762.91","₹1,946.88",INR,021/2025/270,paid,Logistics,E-101 S. Anitha,02/07/2025
INV-4897,V-031,PO-2813,12/03/2026,12/03/2026 11:40,"₹10,505.96","₹1,602.60",INR,031/2026/271,paid,Professional Services,E-117 Q. Ravi,01/04/2026
INV-4904,V-027,PO-2816,23/10/2025,23/10/2025 19:16,"₹3,67,248.80","₹56,021.00",INR,027/2025/272,paid,Office Supplies,E-113 H. Vasanth,12/11/2025
INV-4911,V-004,PO-2819,25/11/2025,25/11/2025 10:20,"₹1,80,498.46","₹27,533.66",INR,004/2025/273,paid,Logistics,E-106 P. Raghavan,15/12/2025
INV-4918,V-091,PO-2822,05/06/2025,05/06/2025 12:38,"₹62,253.47","₹9,496.29",INR,091/2025/274,paid,Raw Materials,E-113 H. Vasanth,25/06/2025
INV-4925,V-082,PO-2825,06/02/2026,06/02/2026 13:45,"₹58,025.59","₹8,851.36",INR,082/2026/275,paid,Packaging,E-109 J. Kavitha,26/02/2026
INV-4932,V-038,PO-2828,22/05/2025,22/05/2025 18:16,"₹79,607.22","₹12,143.47",INR,038/2025/276,paid,Logistics,E-117 Q. Ravi,11/06/2025
INV-4939,V-095,PO-2831,26/11/2025,26/11/2025 11:34,"₹1,34,664.50","₹20,542.04",INR,095/2025/277,paid,Office Supplies,E-110 T. Arulmozhi,16/12/2025
INV-4946,V-058,PO-2834,03/03/2026,03/03/2026 16:31,"₹1,28,795.79","₹19,646.82",INR,058/2026/278,paid,Packaging,E-102 K. Prakash,23/03/2026
INV-4953,V-085,PO-2837,25/05/2026,25/05/2026 18:13,"₹12,561.44","₹1,916.15",INR,085/2026/279,paid,Packaging,E-111 B. Senthil,14/06/2026
INV-4960,V-039,PO-2840,09/06/2026,09/06/2026 09:38,"₹95,092.28","₹14,505.60",INR,039/2026/280,paid,Facilities,E-109 J. Kavitha,29/06/2026
INV-4967,V-066,PO-2843,16/07/2026,16/07/2026 14:12,"₹5,816.74",₹887.30,INR,066/2026/281,paid,Professional Services,E-111 B. Senthil,05/08/2026
INV-4974,V-046,PO-2846,23/07/2026,23/07/2026 16:05,"₹2,23,461.52","₹34,087.35",INR,046/2026/282,paid,Professional Services,E-101 S. Anitha,12/08/2026
INV-4981,V-032,PO-2849,20/11/2025,20/11/2025 09:21,"₹18,257.62","₹2,785.06",INR,032/2025/283,paid,Raw Materials,E-109 J. Kavitha,10/12/2025
INV-4988,V-060,PO-2852,26/06/2025,26/06/2025 14:37,"₹21,499.03","₹3,279.51",INR,060/2025/284,paid,Raw Materials,E-101 S. Anitha,16/07/2025
INV-4995,V-096,PO-2855,05/02/2026,05/02/2026 09:12,"₹15,794.52","₹2,409.33",INR,096/2026/285,paid,Electricals,E-117 Q. Ravi,25/02/2026
INV-5002,V-105,PO-2858,17/06/2026,17/06/2026 14:35,"₹6,707.43","₹1,023.17",INR,105/2026/286,paid,Office Supplies,E-117 Q. Ravi,07/07/2026
INV-5009,V-020,PO-2861,20/10/2025,20/10/2025 12:23,"₹2,67,634.48","₹40,825.60",INR,020/2025/287,paid,Electricals,E-117 Q. Ravi,09/11/2025
INV-5016,V-096,PO-2864,19/08/2025,19/08/2025 10:24,"₹15,317.10","₹2,336.51",INR,096/2025/288,paid,Raw Materials,E-114 L. Meena,08/09/2025
INV-5023,V-022,PO-2867,01/06/2026,01/06/2026 09:36,"₹5,64,041.35","₹86,040.21",INR,022/2026/289,paid,Electricals,E-104 V. Sundaram,21/06/2026
INV-5030,V-095,PO-2870,06/06/2025,06/06/2025 16:50,"₹4,530.03",₹691.02,INR,095/2025/290,paid,IT Hardware,E-111 B. Senthil,26/06/2025
INV-5037,V-019,PO-2873,20/03/2026,20/03/2026 15:24,"₹4,853.53",₹740.37,INR,019/2026/291,paid,Raw Materials,E-108 M. Sathish,09/04/2026
INV-5044,V-017,PO-2876,27/05/2025,27/05/2025 15:03,"₹4,79,417.85","₹73,131.54",INR,017/2025/292,paid,Facilities,E-104 V. Sundaram,16/06/2025
INV-5051,V-096,PO-2879,04/07/2025,04/07/2025 10:37,"₹23,108.42","₹3,525.01",INR,096/2025/293,paid,Facilities,E-107 N. Devika,24/07/2025
INV-5058,V-004,PO-2882,27/05/2025,27/05/2025 18:19,"₹23,678.49","₹3,611.97",INR,004/2025/294,paid,Packaging,E-115 C. Dinesh,16/06/2025
INV-5065,V-081,PO-2885,10/07/2026,10/07/2026 10:24,"₹2,42,298.84","₹36,960.84",INR,081/2026/295,paid,Raw Materials,E-105 A. Fathima,30/07/2026
INV-5072,V-073,PO-2888,01/05/2026,01/05/2026 13:22,"₹13,043.03","₹1,989.61",INR,073/2026/296,paid,Facilities,E-106 P. Raghavan,21/05/2026
INV-5079,V-035,PO-2891,06/06/2025,06/06/2025 14:51,"₹19,772.39","₹3,016.13",INR,035/2025/297,paid,IT Hardware,E-109 J. Kavitha,26/06/2025
INV-5086,V-063,PO-2894,09/03/2026,09/03/2026 17:26,"₹5,158.00",₹786.81,INR,063/2026/298,paid,Office Supplies,E-116 F. Nazreen,29/03/2026
INV-5093,V-105,PO-2897,01/01/2026,01/01/2026 12:17,"₹5,59,260.10","₹85,310.86",INR,105/2026/299,paid,Raw Materials,E-105 A. Fathima,21/01/2026
INV-5100,V-105,PO-2900,08/03/2026,08/03/2026 09:27,"₹39,356.38","₹6,003.52",INR,105/2026/300,paid,Electricals,E-111 B. Senthil,28/03/2026
INV-5107,V-082,PO-2903,16/10/2025,16/10/2025 09:42,"₹21,069.89","₹3,214.05",INR,082/2025/301,paid,Logistics,E-117 Q. Ravi,05/11/2025
INV-5114,V-066,PO-2906,10/06/2025,10/06/2025 09:43,"₹16,924.53","₹2,581.71",INR,066/2025/302,paid,Office Supplies,E-100 R. Muthukumar,30/06/2025
INV-5121,V-038,PO-2909,02/12/2025,02/12/2025 16:22,"₹4,45,086.04","₹67,894.48",INR,038/2025/303,paid,Electricals,E-101 S. Anitha,22/12/2025
INV-5128,V-052,PO-2912,29/09/2025,29/09/2025 12:56,"₹2,86,669.10","₹43,729.18",INR,052/2025/304,paid,Professional Services,E-101 S. Anitha,19/10/2025
INV-5135,V-073,PO-2915,28/07/2025,28/07/2025 17:32,"₹11,142.36","₹1,699.68",INR,073/2025/305,paid,Office Supplies,E-110 T. Arulmozhi,17/08/2025
INV-5142,V-004,PO-2918,09/05/2025,09/05/2025 09:34,"₹4,830.63",₹736.88,INR,004/2025/306,paid,Packaging,E-104 V. Sundaram,29/05/2025
INV-5149,V-094,PO-2921,30/03/2026,30/03/2026 19:15,"₹30,379.66","₹4,634.19",INR,094/2026/307,paid,Electricals,E-103 D. Lakshmi,19/04/2026
INV-5156,V-105,PO-2924,10/09/2025,10/09/2025 11:13,"₹5,012.08",₹764.55,INR,105/2025/308,paid,Facilities,E-106 P. Raghavan,30/09/2025
INV-5163,V-027,PO-2927,24/07/2025,24/07/2025 19:52,"₹67,051.66","₹10,228.22",INR,027/2025/309,paid,Electricals,E-107 N. Devika,13/08/2025
INV-5170,V-031,PO-2930,23/06/2026,23/06/2026 14:22,"₹10,673.43","₹1,628.15",INR,031/2026/310,paid,Logistics,E-107 N. Devika,13/07/2026
INV-5177,V-102,PO-2933,01/05/2026,01/05/2026 10:51,"₹7,737.54","₹1,180.30",INR,102/2026/311,paid,Electricals,E-114 L. Meena,21/05/2026
INV-5184,V-012,PO-2936,18/03/2025,18/03/2025 11:13,"₹8,768.98","₹1,337.64",INR,012/2025/312,paid,Electricals,E-114 L. Meena,07/04/2025
INV-5191,V-062,PO-2939,02/04/2025,02/04/2025 11:22,"₹1,25,282.30","₹19,110.86",INR,062/2025/313,paid,IT Hardware,E-103 D. Lakshmi,22/04/2025
INV-5198,V-035,PO-2942,19/08/2025,19/08/2025 17:12,"₹42,563.23","₹6,492.70",INR,035/2025/314,paid,IT Hardware,E-106 P. Raghavan,08/09/2025
INV-5205,V-035,PO-2945,31/12/2025,31/12/2025 10:18,"₹7,306.59","₹1,114.56",INR,035/2025/315,paid,Office Supplies,E-101 S. Anitha,20/01/2026
INV-5212,V-055,PO-2948,21/04/2026,21/04/2026 11:29,"₹78,536.47","₹11,980.14",INR,055/2026/316,paid,Facilities,E-113 H. Vasanth,11/05/2026
INV-5219,V-047,PO-2951,18/11/2025,18/11/2025 10:36,"₹4,753.28",₹725.08,INR,047/2025/317,paid,Electricals,E-103 D. Lakshmi,08/12/2025
INV-5226,V-057,PO-2954,19/08/2026,19/08/2026 11:53,"₹8,852.85","₹1,350.43",INR,057/2026/318,paid,Facilities,E-108 M. Sathish,08/09/2026
INV-5233,V-070,PO-2957,11/03/2026,11/03/2026 11:26,"₹71,701.11","₹10,937.46",INR,070/2026/319,paid,Professional Services,E-117 Q. Ravi,31/03/2026
INV-5240,V-040,PO-2960,10/08/2026,10/08/2026 09:45,"₹87,615.48","₹13,365.07",INR,040/2026/320,paid,Facilities,E-103 D. Lakshmi,30/08/2026
INV-5247,V-061,PO-2963,22/08/2025,22/08/2025 10:44,"₹71,701.48","₹10,937.51",INR,061/2025/321,paid,Logistics,E-100 R. Muthukumar,11/09/2025
INV-5254,V-042,PO-2966,03/07/2026,03/07/2026 13:39,"₹2,43,954.23","₹37,213.36",INR,042/2026/322,paid,Raw Materials,E-102 K. Prakash,23/07/2026
INV-5261,V-051,PO-2969,18/08/2026,18/08/2026 10:41,"₹4,38,132.54","₹66,833.78",INR,051/2026/323,paid,Professional Services,E-104 V. Sundaram,07/09/2026
INV-5268,V-108,PO-2972,11/09/2025,11/09/2025 14:44,"₹7,481.86","₹1,141.30",INR,108/2025/324,paid,Logistics,E-107 N. Devika,01/10/2025
INV-5275,V-022,PO-2975,27/11/2025,27/11/2025 10:29,"₹4,66,010.27","₹71,086.31",INR,022/2025/325,paid,Logistics,E-112 G. Priya,17/12/2025
INV-5282,V-063,PO-2978,23/06/2026,23/06/2026 15:29,"₹1,15,593.99","₹17,632.98",INR,063/2026/326,paid,Logistics,E-115 C. Dinesh,13/07/2026
INV-5289,V-101,PO-2981,05/02/2026,05/02/2026 10:57,"₹25,226.40","₹3,848.09",INR,101/2026/327,paid,Professional Services,E-112 G. Priya,25/02/2026
INV-5296,V-101,PO-2984,15/01/2026,15/01/2026 11:44,"₹62,610.67","₹9,550.78",INR,101/2026/328,paid,Professional Services,E-103 D. Lakshmi,04/02/2026
INV-5303,V-006,PO-2987,24/07/2025,24/07/2025 13:10,"₹17,490.34","₹2,668.02",INR,006/2025/329,paid,Facilities,E-116 F. Nazreen,13/08/2025
INV-5310,V-047,PO-2990,03/07/2025,03/07/2025 15:00,"₹1,01,170.88","₹15,432.85",INR,047/2025/330,paid,Office Supplies,E-107 N. Devika,23/07/2025
INV-5317,V-106,PO-2993,05/05/2025,05/05/2025 09:23,"₹54,087.08","₹8,250.57",INR,106/2025/331,paid,Professional Services,E-115 C. Dinesh,25/05/2025
INV-5324,V-117,PO-2996,21/10/2025,21/10/2025 12:19,"₹2,12,893.71","₹32,475.31",INR,117/2025/332,paid,Professional Services,E-111 B. Senthil,10/11/2025
INV-5331,V-050,PO-2999,03/03/2025,03/03/2025 14:44,"₹14,839.22","₹2,263.61",INR,050/2025/333,paid,IT Hardware,E-100 R. Muthukumar,23/03/2025
INV-5338,V-053,PO-3002,19/08/2025,19/08/2025 18:55,"₹5,611.94",₹856.06,INR,053/2025/334,paid,Logistics,E-112 G. Priya,08/09/2025
INV-5345,V-019,PO-3005,22/06/2026,22/06/2026 09:03,"₹1,52,271.79","₹23,227.90",INR,019/2026/335,paid,Raw Materials,E-115 C. Dinesh,12/07/2026
INV-5352,V-102,PO-3008,04/04/2025,04/04/2025 16:15,"₹9,300.53","₹1,418.72",INR,102/2025/336,paid,Packaging,E-109 J. Kavitha,24/04/2025
INV-5359,V-036,PO-3011,16/02/2026,16/02/2026 16:02,"₹2,23,115.23","₹34,034.53",INR,036/2026/337,paid,Facilities,E-104 V. Sundaram,08/03/2026
INV-5366,V-066,PO-3014,25/05/2026,25/05/2026 10:19,"₹78,425.55","₹11,963.22",INR,066/2026/338,paid,Office Supplies,E-109 J. Kavitha,14/06/2026
INV-5373,V-095,PO-3017,12/08/2026,12/08/2026 18:26,"₹22,558.25","₹3,441.09",INR,095/2026/339,paid,Packaging,E-103 D. Lakshmi,01/09/2026
INV-5380,V-021,PO-3020,03/04/2026,03/04/2026 10:39,"₹39,098.12","₹5,964.12",INR,021/2026/340,paid,Facilities,E-100 R. Muthukumar,23/04/2026
INV-5387,V-029,PO-3023,23/06/2025,23/06/2025 14:17,"₹5,440.48",₹829.90,INR,029/2025/341,paid,Electricals,E-107 N. Devika,13/07/2025
INV-5394,V-043,PO-3026,28/10/2025,28/10/2025 17:14,"₹49,658.60","₹7,575.04",INR,043/2025/342,paid,Raw Materials,E-106 P. Raghavan,17/11/2025
INV-5401,V-115,PO-3029,14/08/2025,14/08/2025 17:04,"₹57,437.51","₹8,761.65",INR,115/2025/343,paid,Packaging,E-108 M. Sathish,03/09/2025
INV-5408,V-117,PO-3032,06/02/2026,06/02/2026 19:18,"₹1,08,972.66","₹16,622.95",INR,117/2026/344,paid,Raw Materials,E-117 Q. Ravi,26/02/2026
INV-5415,V-021,PO-3035,22/01/2026,22/01/2026 15:30,"₹10,220.38","₹1,559.04",INR,021/2026/345,paid,IT Hardware,E-111 B. Senthil,11/02/2026
INV-5422,V-109,PO-3038,07/07/2026,07/07/2026 17:14,"₹5,131.74",₹782.81,INR,109/2026/346,paid,IT Hardware,E-117 Q. Ravi,27/07/2026
INV-5429,V-112,PO-3041,14/05/2025,14/05/2025 16:37,"₹9,187.00","₹1,401.41",INR,112/2025/347,paid,Raw Materials,E-117 Q. Ravi,03/06/2025
INV-5436,V-033,PO-3044,11/09/2025,11/09/2025 18:57,"₹25,627.74","₹3,909.32",INR,033/2025/348,paid,Packaging,E-103 D. Lakshmi,01/10/2025
INV-5443,V-009,PO-3047,13/03/2026,13/03/2026 10:53,"₹32,574.47","₹4,968.99",INR,009/2026/349,paid,Raw Materials,E-109 J. Kavitha,02/04/2026
INV-5450,V-107,PO-3050,02/02/2026,02/02/2026 09:03,"₹22,871.38","₹3,488.85",INR,107/2026/350,paid,Packaging,E-117 Q. Ravi,22/02/2026
INV-5457,V-066,PO-3053,13/10/2025,13/10/2025 15:03,"₹67,046.71","₹10,227.46",INR,066/2025/351,paid,Logistics,E-111 B. Senthil,02/11/2025
INV-5464,V-099,PO-3056,14/07/2025,14/07/2025 17:20,"₹9,160.92","₹1,397.43",INR,099/2025/352,paid,IT Hardware,E-114 L. Meena,03/08/2025
INV-5471,V-038,PO-3059,19/08/2026,19/08/2026 11:05,"₹34,253.47","₹5,225.11",INR,038/2026/353,paid,Logistics,E-111 B. Senthil,08/09/2026
INV-5478,V-106,PO-3062,06/05/2025,06/05/2025 14:55,"₹22,597.53","₹3,447.08",INR,106/2025/354,paid,Logistics,E-115 C. Dinesh,26/05/2025
INV-5485,V-001,PO-3065,03/07/2025,03/07/2025 10:27,"₹1,64,932.20","₹25,159.15",INR,001/2025/355,paid,Packaging,E-115 C. Dinesh,23/07/2025
INV-5492,V-085,PO-3068,20/03/2025,20/03/2025 15:14,"₹27,776.42","₹4,237.08",INR,085/2025/356,paid,IT Hardware,E-115 C. Dinesh,09/04/2025
INV-5499,V-006,PO-3071,07/10/2025,07/10/2025 09:53,"₹5,15,023.82","₹78,562.96",INR,006/2025/357,paid,Electricals,E-100 R. Muthukumar,27/10/2025
INV-5506,V-003,PO-3074,29/04/2025,29/04/2025 11:43,"₹41,682.32","₹6,358.32",INR,003/2025/358,paid,Electricals,E-111 B. Senthil,19/05/2025
INV-5513,V-062,PO-3077,10/11/2025,10/11/2025 16:07,"₹89,688.47","₹13,681.29",INR,062/2025/359,paid,Raw Materials,E-111 B. Senthil,30/11/2025
INV-5520,V-080,PO-3080,30/05/2025,30/05/2025 10:34,"₹21,544.78","₹3,286.49",INR,080/2025/360,paid,Professional Services,E-112 G. Priya,19/06/2025
INV-5527,V-046,PO-3083,15/05/2025,15/05/2025 13:09,"₹1,25,598.52","₹19,159.10",INR,046/2025/361,paid,IT Hardware,E-109 J. Kavitha,04/06/2025
INV-5534,V-053,PO-3086,24/10/2025,24/10/2025 18:57,"₹3,09,302.79","₹47,181.78",INR,053/2025/362,paid,Professional Services,E-105 A. Fathima,13/11/2025
INV-5541,V-063,PO-3089,16/06/2026,16/06/2026 10:03,"₹4,186.95",₹638.69,INR,063/2026/363,paid,Electricals,E-107 N. Devika,06/07/2026
INV-5548,V-009,PO-3092,22/04/2025,22/04/2025 19:35,"₹51,346.40","₹7,832.50",INR,009/2025/364,paid,IT Hardware,E-108 M. Sathish,12/05/2025
INV-5555,V-077,PO-3095,22/06/2026,22/06/2026 19:20,"₹2,53,640.86","₹38,690.98",INR,077/2026/365,paid,Packaging,E-101 S. Anitha,12/07/2026
INV-5562,V-116,PO-3098,18/08/2025,18/08/2025 09:40,"₹4,93,949.59","₹75,348.24",INR,116/2025/366,paid,Raw Materials,E-102 K. Prakash,07/09/2025
INV-5569,V-097,PO-3101,23/06/2025,23/06/2025 09:09,"₹19,366.44","₹2,954.20",INR,097/2025/367,paid,Packaging,E-113 H. Vasanth,13/07/2025
INV-5576,V-041,PO-3104,04/03/2026,04/03/2026 15:26,"₹27,727.68","₹4,229.65",INR,041/2026/368,paid,IT Hardware,E-103 D. Lakshmi,24/03/2026
INV-5583,V-074,PO-3107,17/12/2025,17/12/2025 15:35,"₹11,604.35","₹1,770.16",INR,074/2025/369,paid,Raw Materials,E-102 K. Prakash,06/01/2026
INV-5590,V-079,PO-3110,23/04/2026,23/04/2026 19:03,"₹6,151.63",₹938.38,INR,079/2026/370,paid,Office Supplies,E-107 N. Devika,13/05/2026
INV-5597,V-067,PO-3113,29/05/2026,29/05/2026 15:01,"₹1,56,981.39","₹23,946.31",INR,067/2026/371,paid,Professional Services,E-105 A. Fathima,18/06/2026
INV-5604,V-011,PO-3116,30/06/2025,30/06/2025 15:13,"₹10,207.99","₹1,557.15",INR,011/2025/372,paid,IT Hardware,E-102 K. Prakash,20/07/2025
INV-5611,V-100,PO-3119,29/04/2026,29/04/2026 10:54,"₹1,24,036.13","₹18,920.77",INR,100/2026/373,paid,Electricals,E-106 P. Raghavan,19/05/2026
INV-5618,V-039,PO-3122,08/07/2026,08/07/2026 19:09,"₹10,360.13","₹1,580.36",INR,039/2026/374,paid,Professional Services,E-102 K. Prakash,28/07/2026
INV-5625,V-088,PO-3125,19/05/2026,19/05/2026 19:04,"₹12,016.99","₹1,833.10",INR,088/2026/375,paid,Electricals,E-112 G. Priya,08/06/2026
INV-5632,V-037,PO-3128,07/08/2025,07/08/2025 18:26,"₹4,47,092.88","₹68,200.61",INR,037/2025/376,paid,Electricals,E-114 L. Meena,27/08/2025
INV-5639,V-012,PO-3131,02/12/2025,02/12/2025 10:17,"₹1,98,425.30","₹30,268.27",INR,012/2025/377,paid,Logistics,E-114 L. Meena,22/12/2025
INV-5646,V-050,PO-3134,22/04/2025,22/04/2025 09:09,"₹5,19,870.03","₹79,302.21",INR,050/2025/378,paid,Electricals,E-105 A. Fathima,12/05/2025
INV-5653,V-113,PO-3137,15/04/2025,15/04/2025 13:14,"₹5,785.19",₹882.49,INR,113/2025/379,paid,Logistics,E-116 F. Nazreen,05/05/2025
INV-5660,V-057,PO-3140,03/02/2026,03/02/2026 18:40,"₹67,734.94","₹10,332.45",INR,057/2026/380,paid,Packaging,E-101 S. Anitha,23/02/2026
INV-5667,V-072,PO-3143,22/05/2025,22/05/2025 18:22,"₹45,737.31","₹6,976.88",INR,072/2025/381,paid,Packaging,E-100 R. Muthukumar,11/06/2025
INV-5674,V-034,PO-3146,18/05/2026,18/05/2026 12:46,"₹47,733.69","₹7,281.41",INR,034/2026/382,paid,Electricals,E-111 B. Senthil,07/06/2026
INV-5681,V-066,PO-3149,11/05/2026,11/05/2026 14:36,"₹30,081.98","₹4,588.78",INR,066/2026/383,paid,Electricals,E-113 H. Vasanth,31/05/2026
INV-5688,V-053,PO-3152,14/05/2025,14/05/2025 14:19,"₹30,937.55","₹4,719.29",INR,053/2025/384,paid,Raw Materials,E-114 L. Meena,03/06/2025
INV-5695,V-080,PO-3155,23/09/2025,23/09/2025 16:56,"₹3,42,769.85","₹52,286.93",INR,080/2025/385,paid,Professional Services,E-117 Q. Ravi,13/10/2025
INV-5702,V-102,PO-3158,27/03/2025,27/03/2025 14:52,"₹4,278.79",₹652.70,INR,102/2025/386,paid,Facilities,E-116 F. Nazreen,16/04/2025
INV-5709,V-052,PO-3161,14/10/2025,14/10/2025 17:27,"₹20,624.32","₹3,146.08",INR,052/2025/387,paid,Logistics,E-104 V. Sundaram,03/11/2025
INV-5716,V-109,PO-3164,27/03/2025,27/03/2025 15:48,"₹14,678.01","₹2,239.02",INR,109/2025/388,paid,Professional Services,E-113 H. Vasanth,16/04/2025
INV-5723,V-028,PO-3167,06/10/2025,06/10/2025 09:08,"₹3,18,576.13","₹48,596.36",INR,028/2025/389,paid,Logistics,E-102 K. Prakash,26/10/2025
INV-5730,V-086,PO-3170,17/07/2026,17/07/2026 19:29,"₹5,333.44",₹813.58,INR,086/2026/390,paid,Packaging,E-112 G. Priya,06/08/2026
INV-5737,V-037,PO-3173,16/07/2025,16/07/2025 11:46,"₹5,92,559.76","₹90,390.47",INR,037/2025/391,paid,Logistics,E-111 B. Senthil,05/08/2025
INV-5744,V-070,PO-3176,17/08/2026,17/08/2026 15:10,"₹1,14,855.06","₹17,520.26",INR,070/2026/392,paid,Office Supplies,E-115 C. Dinesh,06/09/2026
INV-5751,V-113,PO-3179,06/06/2025,06/06/2025 15:07,"₹6,321.65",₹964.32,INR,113/2025/393,paid,Raw Materials,E-117 Q. Ravi,26/06/2025
INV-5758,V-065,PO-3182,11/07/2025,11/07/2025 17:39,"₹81,160.93","₹12,380.48",INR,065/2025/394,paid,Office Supplies,E-103 D. Lakshmi,31/07/2025
INV-5765,V-055,PO-3185,07/11/2025,07/11/2025 17:03,"₹50,970.46","₹7,775.15",INR,055/2025/395,paid,Logistics,E-117 Q. Ravi,27/11/2025
INV-5772,V-025,PO-3188,06/11/2025,06/11/2025 10:00,"₹89,058.56","₹13,585.20",INR,025/2025/396,paid,Office Supplies,E-107 N. Devika,26/11/2025
INV-5779,V-039,PO-3191,02/06/2026,02/06/2026 14:46,"₹2,80,982.10","₹42,861.68",INR,039/2026/397,paid,Logistics,E-113 H. Vasanth,22/06/2026
INV-5786,V-105,PO-3194,26/06/2025,26/06/2025 16:09,"₹5,699.05",₹869.35,INR,105/2025/398,paid,IT Hardware,E-103 D. Lakshmi,16/07/2025
INV-5793,V-060,PO-3197,08/05/2026,08/05/2026 15:18,"₹5,317.79",₹811.19,INR,060/2026/399,paid,Raw Materials,E-106 P. Raghavan,28/05/2026
INV-5800,V-085,PO-3200,04/12/2025,04/12/2025 17:28,"₹34,414.18","₹5,249.62",INR,085/2025/400,paid,Facilities,E-102 K. Prakash,24/12/2025
INV-5807,V-038,PO-3203,13/11/2025,13/11/2025 13:05,"₹11,803.76","₹1,800.57",INR,038/2025/401,paid,Packaging,E-107 N. Devika,03/12/2025
INV-5814,V-066,PO-3206,31/12/2025,31/12/2025 19:51,"₹14,963.05","₹2,282.50",INR,066/2025/402,paid,Raw Materials,E-115 C. Dinesh,20/01/2026
INV-5821,V-093,PO-3209,28/04/2025,28/04/2025 17:37,"₹41,939.94","₹6,397.62",INR,093/2025/403,paid,IT Hardware,E-115 C. Dinesh,18/05/2025
INV-5828,V-054,PO-3212,17/04/2025,17/04/2025 16:17,"₹75,739.36","₹11,553.46",INR,054/2025/404,paid,Office Supplies,E-110 T. Arulmozhi,07/05/2025
INV-5835,V-110,PO-3215,24/07/2025,24/07/2025 15:41,"₹30,410.46","₹4,638.88",INR,110/2025/405,paid,Packaging,E-105 A. Fathima,13/08/2025
INV-5842,V-041,PO-3218,01/12/2025,01/12/2025 17:45,"₹2,94,368.95","₹44,903.74",INR,041/2025/406,paid,Electricals,E-110 T. Arulmozhi,21/12/2025
INV-5849,V-047,PO-3221,01/10/2025,01/10/2025 16:28,"₹4,42,590.13","₹67,513.75",INR,047/2025/407,paid,IT Hardware,E-104 V. Sundaram,21/10/2025
INV-5856,V-096,PO-3224,04/05/2026,04/05/2026 13:37,"₹43,135.66","₹6,580.02",INR,096/2026/408,paid,Professional Services,E-112 G. Priya,24/05/2026
INV-5863,V-036,PO-3227,31/07/2025,31/07/2025 17:38,"₹5,89,216.04","₹89,880.41",INR,036/2025/409,paid,Electricals,E-108 M. Sathish,20/08/2025
INV-5870,V-077,PO-3230,27/05/2026,27/05/2026 19:40,"₹5,72,015.63","₹87,256.62",INR,077/2026/410,paid,Packaging,E-104 V. Sundaram,16/06/2026
INV-5877,V-006,PO-3233,16/12/2025,16/12/2025 18:07,"₹20,775.60","₹3,169.16",INR,006/2025/411,paid,Logistics,E-112 G. Priya,05/01/2026
INV-5884,V-099,PO-3236,14/10/2025,14/10/2025 11:14,"₹88,549.54","₹13,507.56",INR,099/2025/412,paid,Office Supplies,E-100 R. Muthukumar,03/11/2025
INV-5891,V-066,PO-3239,07/03/2025,07/03/2025 09:30,"₹15,308.85","₹2,335.25",INR,066/2025/413,paid,Office Supplies,E-109 J. Kavitha,27/03/2025
INV-5898,V-117,PO-3242,30/01/2026,30/01/2026 13:31,"₹1,18,535.09","₹18,081.62",INR,117/2026/414,paid,Raw Materials,E-101 S. Anitha,19/02/2026
INV-5905,V-042,PO-3245,14/04/2025,14/04/2025 12:07,"₹3,55,249.42","₹54,190.59",INR,042/2025/415,paid,IT Hardware,E-100 R. Muthukumar,04/05/2025
INV-5912,V-100,PO-3248,23/01/2026,23/01/2026 10:40,"₹17,982.64","₹2,743.11",INR,100/2026/416,paid,IT Hardware,E-106 P. Raghavan,12/02/2026
INV-5919,V-054,PO-3251,11/04/2025,11/04/2025 19:01,"₹6,101.90",₹930.80,INR,054/2025/417,paid,Raw Materials,E-110 T. Arulmozhi,01/05/2025
INV-5926,V-034,PO-3254,20/06/2025,20/06/2025 17:55,"₹23,641.25","₹3,606.29",INR,034/2025/418,paid,Facilities,E-117 Q. Ravi,10/07/2025
INV-5933,V-020,PO-3257,23/06/2026,23/06/2026 09:29,"₹44,035.43","₹6,717.27",INR,020/2026/419,paid,Raw Materials,E-108 M. Sathish,13/07/2026
INV-5940,V-090,PO-3260,30/05/2025,30/05/2025 18:12,"₹29,363.87","₹4,479.23",INR,090/2025/420,paid,Office Supplies,E-109 J. Kavitha,19/06/2025
INV-5947,V-037,PO-3263,08/12/2025,08/12/2025 14:19,"₹46,973.26","₹7,165.41",INR,037/2025/421,paid,Packaging,E-107 N. Devika,28/12/2025
INV-5954,V-092,PO-3266,13/08/2026,13/08/2026 11:07,"₹28,294.34","₹4,316.09",INR,092/2026/422,paid,Raw Materials,E-108 M. Sathish,02/09/2026
INV-5961,V-086,PO-3269,30/07/2025,30/07/2025 19:16,"₹11,897.41","₹1,814.86",INR,086/2025/423,paid,Professional Services,E-103 D. Lakshmi,19/08/2025
INV-5968,V-108,PO-3272,12/03/2025,12/03/2025 11:43,"₹15,683.63","₹2,392.42",INR,108/2025/424,paid,Office Supplies,E-105 A. Fathima,01/04/2025
INV-5975,V-104,PO-3275,08/12/2025,08/12/2025 13:21,"₹7,340.83","₹1,119.79",INR,104/2025/425,paid,Office Supplies,E-106 P. Raghavan,28/12/2025
INV-5982,V-055,PO-3278,25/03/2025,25/03/2025 09:46,"₹77,130.37","₹11,765.65",INR,055/2025/426,paid,IT Hardware,E-110 T. Arulmozhi,14/04/2025
INV-5989,V-083,PO-3281,28/07/2025,28/07/2025 15:35,"₹29,502.07","₹4,500.32",INR,083/2025/427,paid,Logistics,E-101 S. Anitha,17/08/2025
INV-5996,V-008,PO-3284,16/10/2025,16/10/2025 13:15,"₹2,97,141.72","₹45,326.70",INR,008/2025/428,paid,Logistics,E-117 Q. Ravi,05/11/2025
INV-6003,V-109,PO-3287,09/04/2025,09/04/2025 15:39,"₹6,551.51",₹999.38,INR,109/2025/429,paid,Facilities,E-113 H. Vasanth,29/04/2025
INV-6010,V-095,PO-3290,12/03/2026,12/03/2026 11:12,"₹19,399.25","₹2,959.21",INR,095/2026/430,paid,Raw Materials,E-113 H. Vasanth,01/04/2026
INV-6017,V-115,PO-3293,27/04/2026,27/04/2026 19:16,"₹9,310.67","₹1,420.27",INR,115/2026/431,paid,Logistics,E-112 G. Priya,17/05/2026
INV-6024,V-031,PO-3296,24/07/2025,24/07/2025 15:24,"₹1,65,436.71","₹25,236.11",INR,031/2025/432,paid,Professional Services,E-111 B. Senthil,13/08/2025
INV-6031,V-080,PO-3299,04/06/2026,04/06/2026 17:30,"₹4,16,182.01","₹63,485.39",INR,080/2026/433,paid,Raw Materials,E-115 C. Dinesh,24/06/2026
INV-6038,V-110,PO-3302,08/06/2026,08/06/2026 11:06,"₹42,930.47","₹6,548.72",INR,110/2026/434,paid,IT Hardware,E-102 K. Prakash,28/06/2026
INV-6045,V-084,PO-3305,11/05/2026,11/05/2026 16:43,"₹3,33,811.95","₹50,920.47",INR,084/2026/435,paid,Facilities,E-108 M. Sathish,31/05/2026
INV-6052,V-079,PO-3308,08/09/2025,08/09/2025 11:54,"₹4,10,491.69","₹62,617.38",INR,079/2025/436,paid,Packaging,E-103 D. Lakshmi,28/09/2025
INV-6059,V-071,PO-3311,31/03/2025,31/03/2025 12:56,"₹4,281.09",₹653.05,INR,071/2025/437,paid,Packaging,E-110 T. Arulmozhi,20/04/2025
INV-6066,V-035,PO-3314,29/07/2025,29/07/2025 14:26,"₹29,436.97","₹4,490.39",INR,035/2025/438,paid,Facilities,E-114 L. Meena,18/08/2025
INV-6073,V-059,PO-3317,11/07/2025,11/07/2025 10:21,"₹21,677.56","₹3,306.75",INR,059/2025/439,paid,Professional Services,E-115 C. Dinesh,31/07/2025
INV-6080,V-077,PO-3320,27/02/2026,27/02/2026 17:52,"₹2,31,464.57","₹35,308.15",INR,077/2026/440,paid,Office Supplies,E-103 D. Lakshmi,19/03/2026
INV-6087,V-101,PO-3323,08/10/2025,08/10/2025 17:42,"₹1,65,561.40","₹25,255.13",INR,101/2025/441,paid,Logistics,E-109 J. Kavitha,28/10/2025
INV-6094,V-102,PO-3326,15/08/2025,15/08/2025 10:12,"₹65,789.07","₹10,035.62",INR,102/2025/442,paid,Packaging,E-107 N. Devika,04/09/2025
INV-6101,V-079,PO-3329,20/08/2025,20/08/2025 11:47,"₹20,779.15","₹3,169.70",INR,079/2025/443,paid,Facilities,E-100 R. Muthukumar,09/09/2025
INV-6108,V-030,PO-3332,13/06/2025,13/06/2025 14:02,"₹87,332.00","₹13,321.83",INR,030/2025/444,paid,Raw Materials,E-100 R. Muthukumar,03/07/2025
INV-6115,V-047,PO-3335,21/08/2025,21/08/2025 19:15,"₹25,543.06","₹3,896.40",INR,047/2025/445,paid,Logistics,E-111 B. Senthil,10/09/2025
INV-6122,V-108,PO-3338,16/04/2025,16/04/2025 12:02,"₹36,906.71","₹5,629.84",INR,108/2025/446,paid,Professional Services,E-111 B. Senthil,06/05/2025
INV-6129,V-036,PO-3341,11/06/2026,11/06/2026 19:20,"₹41,409.31","₹6,316.67",INR,036/2026/447,paid,Professional Services,E-111 B. Senthil,01/07/2026
INV-6136,V-098,PO-3344,06/03/2025,06/03/2025 10:36,"₹2,55,428.85","₹38,963.72",INR,098/2025/448,paid,Electricals,E-104 V. Sundaram,26/03/2025
INV-6143,V-087,PO-3347,23/07/2025,23/07/2025 10:30,"₹27,820.25","₹4,243.77",INR,087/2025/449,paid,Raw Materials,E-113 H. Vasanth,12/08/2025
INV-6150,V-063,PO-3350,20/08/2026,20/08/2026 17:43,"₹30,119.70","₹4,594.53",INR,063/2026/450,paid,Professional Services,E-110 T. Arulmozhi,09/09/2026
INV-6157,V-097,PO-3353,17/11/2025,17/11/2025 18:08,"₹48,786.54","₹7,442.01",INR,097/2025/451,paid,IT Hardware,E-105 A. Fathima,07/12/2025
INV-6164,V-070,PO-3356,03/08/2026,03/08/2026 12:37,"₹1,99,965.53","₹30,503.22",INR,070/2026/452,paid,Logistics,E-111 B. Senthil,23/08/2026
INV-6171,V-110,PO-3359,04/04/2025,04/04/2025 13:27,"₹93,591.09","₹14,276.61",INR,110/2025/453,paid,Packaging,E-108 M. Sathish,24/04/2025
INV-6178,V-032,PO-3362,05/05/2025,05/05/2025 09:43,"₹20,281.07","₹3,093.72",INR,032/2025/454,paid,Raw Materials,E-102 K. Prakash,25/05/2025
INV-6185,V-011,PO-3365,18/03/2025,18/03/2025 19:54,"₹5,10,979.91","₹77,946.09",INR,011/2025/455,paid,Electricals,E-108 M. Sathish,07/04/2025
INV-6192,V-042,PO-3368,29/01/2026,29/01/2026 12:33,"₹2,61,690.78","₹39,918.93",INR,042/2026/456,paid,IT Hardware,E-105 A. Fathima,18/02/2026
INV-6199,V-089,PO-3371,28/10/2025,28/10/2025 11:36,"₹1,63,152.08","₹24,887.61",INR,089/2025/457,paid,Facilities,E-113 H. Vasanth,17/11/2025
INV-6206,V-018,PO-3374,12/03/2026,12/03/2026 15:28,"₹10,393.29","₹1,585.42",INR,018/2026/458,paid,Electricals,E-105 A. Fathima,01/04/2026
INV-6213,V-014,PO-3377,30/06/2025,30/06/2025 18:30,"₹4,029.34",₹614.65,INR,014/2025/459,paid,Raw Materials,E-114 L. Meena,20/07/2025
INV-6220,V-030,PO-3380,12/01/2026,12/01/2026 14:37,"₹74,633.42","₹11,384.76",INR,030/2026/460,paid,Electricals,E-108 M. Sathish,01/02/2026
INV-6227,V-032,PO-3383,04/05/2026,04/05/2026 11:44,"₹13,916.08","₹2,122.79",INR,032/2026/461,paid,Facilities,E-116 F. Nazreen,24/05/2026
INV-6234,V-078,PO-3386,08/01/2026,08/01/2026 11:21,"₹2,74,732.02","₹41,908.27",INR,078/2026/462,paid,Raw Materials,E-108 M. Sathish,28/01/2026
INV-6241,V-043,PO-3389,06/05/2025,06/05/2025 12:01,"₹3,99,876.70","₹60,998.14",INR,043/2025/463,paid,Logistics,E-101 S. Anitha,26/05/2025
INV-6248,V-068,PO-3392,07/03/2025,07/03/2025 11:54,"₹4,64,053.02","₹70,787.75",INR,068/2025/464,paid,Facilities,E-113 H. Vasanth,27/03/2025
INV-6255,V-071,PO-3395,13/10/2025,13/10/2025 09:05,"₹7,541.73","₹1,150.43",INR,071/2025/465,paid,Electricals,E-113 H. Vasanth,02/11/2025
INV-6262,V-036,PO-3398,07/05/2026,07/05/2026 10:12,"₹13,080.47","₹1,995.33",INR,036/2026/466,paid,Office Supplies,E-105 A. Fathima,27/05/2026
INV-6269,V-037,PO-3401,25/06/2026,25/06/2026 12:57,"₹5,272.46",₹804.27,INR,037/2026/467,paid,Facilities,E-106 P. Raghavan,15/07/2026
INV-6276,V-079,PO-3404,29/08/2025,29/08/2025 17:41,"₹1,40,489.49","₹21,430.60",INR,079/2025/468,paid,Raw Materials,E-100 R. Muthukumar,18/09/2025
INV-6283,V-108,PO-3407,21/01/2026,21/01/2026 13:03,"₹51,999.40","₹7,932.11",INR,108/2026/469,paid,IT Hardware,E-101 S. Anitha,10/02/2026
INV-6290,V-014,PO-3410,07/10/2025,07/10/2025 14:37,"₹7,592.07","₹1,158.11",INR,014/2025/470,paid,IT Hardware,E-116 F. Nazreen,27/10/2025
INV-6297,V-049,PO-3413,08/01/2026,08/01/2026 17:11,"₹88,457.33","₹13,493.49",INR,049/2026/471,paid,Facilities,E-109 J. Kavitha,28/01/2026
INV-6304,V-100,PO-3416,13/04/2026,13/04/2026 14:01,"₹8,545.36","₹1,303.53",INR,100/2026/472,paid,Office Supplies,E-113 H. Vasanth,03/05/2026
INV-6311,V-088,PO-3419,16/03/2026,16/03/2026 13:11,"₹10,978.37","₹1,674.67",INR,088/2026/473,paid,Packaging,E-114 L. Meena,05/04/2026
INV-6318,V-107,PO-3422,12/05/2025,12/05/2025 17:25,"₹2,21,296.86","₹33,757.15",INR,107/2025/474,paid,Logistics,E-111 B. Senthil,01/06/2025
INV-6325,V-012,PO-3425,06/06/2025,06/06/2025 15:53,"₹6,569.82","₹1,002.18",INR,012/2025/475,paid,Facilities,E-104 V. Sundaram,26/06/2025
INV-6332,V-069,PO-3428,19/05/2026,19/05/2026 18:36,"₹8,709.69","₹1,328.60",INR,069/2026/476,paid,Professional Services,E-117 Q. Ravi,08/06/2026
INV-6339,V-096,PO-3431,04/05/2026,04/05/2026 18:16,"₹9,646.99","₹1,471.57",INR,096/2026/477,paid,Logistics,E-107 N. Devika,24/05/2026
INV-6346,V-092,PO-3434,23/04/2025,23/04/2025 17:14,"₹5,084.90",₹775.66,INR,092/2025/478,paid,Professional Services,E-114 L. Meena,13/05/2025
INV-6353,V-063,PO-3437,20/07/2026,20/07/2026 11:05,"₹1,82,740.23","₹27,875.63",INR,063/2026/479,paid,Office Supplies,E-117 Q. Ravi,09/08/2026
INV-6360,V-043,PO-3440,11/09/2025,11/09/2025 15:14,"₹1,91,273.94","₹29,177.38",INR,043/2025/480,paid,Electricals,E-100 R. Muthukumar,01/10/2025
INV-6367,V-055,PO-3443,25/09/2025,25/09/2025 18:21,"₹4,63,577.66","₹70,715.24",INR,055/2025/481,paid,Office Supplies,E-110 T. Arulmozhi,15/10/2025
INV-6374,V-027,PO-3446,22/12/2025,22/12/2025 19:15,"₹1,74,922.75","₹26,683.13",INR,027/2025/482,paid,IT Hardware,E-105 A. Fathima,11/01/2026
INV-6381,V-100,PO-3449,24/12/2025,24/12/2025 14:53,"₹20,662.23","₹3,151.87",INR,100/2025/483,paid,Raw Materials,E-104 V. Sundaram,13/01/2026
INV-6388,V-056,PO-3452,08/10/2025,08/10/2025 13:14,"₹7,099.67","₹1,083.00",INR,056/2025/484,paid,Office Supplies,E-116 F. Nazreen,28/10/2025
INV-6395,V-042,PO-3455,21/08/2025,21/08/2025 18:45,"₹2,57,041.09","₹39,209.66",INR,042/2025/485,paid,Packaging,E-115 C. Dinesh,10/09/2025
INV-6402,V-008,PO-3458,19/11/2025,19/11/2025 14:19,"₹75,346.64","₹11,493.56",INR,008/2025/486,paid,Office Supplies,E-106 P. Raghavan,09/12/2025
INV-6409,V-108,PO-3461,09/09/2025,09/09/2025 19:43,"₹3,10,578.08","₹47,376.32",INR,108/2025/487,paid,Logistics,E-102 K. Prakash,29/09/2025
INV-6416,V-111,PO-3464,13/03/2026,13/03/2026 17:21,"₹11,477.14","₹1,750.75",INR,111/2026/488,paid,Logistics,E-106 P. Raghavan,02/04/2026
INV-6423,V-047,PO-3467,29/10/2025,29/10/2025 14:49,"₹4,363.70",₹665.65,INR,047/2025/489,paid,Professional Services,E-113 H. Vasanth,18/11/2025
INV-6430,V-042,PO-3470,20/11/2025,20/11/2025 09:40,"₹1,04,388.76","₹15,923.71",INR,042/2025/490,paid,Packaging,E-103 D. Lakshmi,10/12/2025
INV-6437,V-044,PO-3473,21/07/2026,21/07/2026 19:02,"₹1,77,206.66","₹27,031.52",INR,044/2026/491,paid,Facilities,E-106 P. Raghavan,10/08/2026
INV-6444,V-045,PO-3476,02/06/2026,02/06/2026 09:35,"₹5,64,792.13","₹86,154.73",INR,045/2026/492,paid,Logistics,E-100 R. Muthukumar,22/06/2026
INV-6451,V-094,PO-3479,01/12/2025,01/12/2025 12:22,"₹2,46,761.59","₹37,641.60",INR,094/2025/493,paid,Facilities,E-104 V. Sundaram,21/12/2025
INV-6458,V-070,PO-3482,11/06/2025,11/06/2025 14:36,"₹1,38,530.93","₹21,131.84",INR,070/2025/494,paid,Raw Materials,E-115 C. Dinesh,01/07/2025
INV-6465,V-078,PO-3485,11/09/2025,11/09/2025 17:33,"₹9,446.84","₹1,441.04",INR,078/2025/495,paid,Raw Materials,E-104 V. Sundaram,01/10/2025
INV-6472,V-025,PO-3488,30/12/2025,30/12/2025 10:45,"₹94,103.77","₹14,354.81",INR,025/2025/496,paid,Facilities,E-102 K. Prakash,19/01/2026
INV-6479,V-117,PO-3491,25/09/2025,25/09/2025 09:31,"₹1,06,665.46","₹16,271.00",INR,117/2025/497,paid,Facilities,E-112 G. Priya,15/10/2025
INV-6486,V-024,PO-3494,21/03/2025,21/03/2025 09:33,"₹1,89,956.92","₹28,976.48",INR,024/2025/498,paid,Office Supplies,E-113 H. Vasanth,10/04/2025
INV-6493,V-067,PO-3497,21/11/2025,21/11/2025 18:02,"₹1,48,398.45","₹22,637.05",INR,067/2025/499,paid,Logistics,E-102 K. Prakash,11/12/2025
INV-6500,V-055,PO-3500,05/08/2026,05/08/2026 19:35,"₹12,448.51","₹1,898.93",INR,055/2026/500,paid,Facilities,E-112 G. Priya,25/08/2026
INV-6507,V-075,PO-3503,09/12/2025,09/12/2025 09:14,"₹1,93,110.21","₹29,457.49",INR,075/2025/501,paid,Logistics,E-101 S. Anitha,29/12/2025
INV-6514,V-053,PO-3506,17/04/2025,17/04/2025 16:13,"₹1,42,651.69","₹21,760.43",INR,053/2025/502,paid,Office Supplies,E-116 F. Nazreen,07/05/2025
INV-6521,V-096,PO-3509,10/07/2026,10/07/2026 15:39,"₹10,830.19","₹1,652.06",INR,096/2026/503,paid,Logistics,E-116 F. Nazreen,30/07/2026
INV-6528,V-009,PO-3512,29/01/2026,29/01/2026 11:00,"₹2,27,726.05","₹34,737.87",INR,009/2026/504,paid,Electricals,E-112 G. Priya,18/02/2026
INV-6535,V-059,PO-3515,04/03/2025,04/03/2025 14:20,"₹5,147.71",₹785.24,INR,059/2025/505,paid,Office Supplies,E-108 M. Sathish,24/03/2025
INV-6542,V-097,PO-3518,24/07/2025,24/07/2025 17:26,"₹5,91,729.55","₹90,263.83",INR,097/2025/506,paid,Electricals,E-111 B. Senthil,13/08/2025
INV-6549,V-100,PO-3521,20/03/2025,20/03/2025 17:23,"₹73,033.41","₹11,140.69",INR,100/2025/507,paid,Raw Materials,E-117 Q. Ravi,09/04/2025
INV-6556,V-089,PO-3524,15/04/2025,15/04/2025 13:59,"₹4,31,673.66","₹65,848.52",INR,089/2025/508,paid,IT Hardware,E-110 T. Arulmozhi,05/05/2025
INV-6563,V-107,PO-3527,16/04/2025,16/04/2025 15:38,"₹1,95,605.14","₹29,838.07",INR,107/2025/509,paid,Office Supplies,E-117 Q. Ravi,06/05/2025
INV-6570,V-041,PO-3530,21/04/2026,21/04/2026 18:45,"₹3,89,438.97","₹59,405.94",INR,041/2026/510,paid,Packaging,E-112 G. Priya,11/05/2026
INV-6577,V-088,PO-3533,17/02/2026,17/02/2026 15:53,"₹6,013.27",₹917.28,INR,088/2026/511,paid,Logistics,E-103 D. Lakshmi,09/03/2026
INV-6584,V-016,PO-3536,20/03/2026,20/03/2026 16:20,"₹16,281.10","₹2,483.56",INR,016/2026/512,paid,IT Hardware,E-115 C. Dinesh,09/04/2026
INV-6591,V-100,PO-3539,01/06/2026,01/06/2026 12:17,"₹2,28,574.10","₹34,867.24",INR,100/2026/513,paid,Packaging,E-102 K. Prakash,21/06/2026
INV-6598,V-102,PO-3542,03/07/2026,03/07/2026 18:49,"₹51,737.45","₹7,892.15",INR,102/2026/514,paid,Office Supplies,E-103 D. Lakshmi,23/07/2026
INV-6605,V-044,PO-3545,06/07/2026,06/07/2026 17:05,"₹6,854.83","₹1,045.65",INR,044/2026/515,paid,Office Supplies,E-117 Q. Ravi,26/07/2026
INV-6612,V-097,PO-3548,18/05/2026,18/05/2026 12:08,"₹1,21,123.71","₹18,476.50",INR,097/2026/516,paid,Facilities,E-110 T. Arulmozhi,07/06/2026
INV-6619,V-006,PO-3551,06/07/2026,06/07/2026 15:06,"₹3,19,777.17","₹48,779.57",INR,006/2026/517,paid,Office Supplies,E-106 P. Raghavan,26/07/2026
INV-6626,V-088,PO-3554,26/12/2025,26/12/2025 11:48,"₹97,234.43","₹14,832.37",INR,088/2025/518,paid,Packaging,E-104 V. Sundaram,15/01/2026
INV-6633,V-018,PO-3557,17/06/2026,17/06/2026 13:17,"₹5,40,626.05","₹82,468.38",INR,018/2026/519,paid,Facilities,E-117 Q. Ravi,07/07/2026
INV-6640,V-003,PO-3560,21/05/2025,21/05/2025 10:29,"₹48,345.41","₹7,374.72",INR,003/2025/520,paid,Packaging,E-107 N. Devika,10/06/2025
INV-6647,V-105,PO-3563,11/08/2026,11/08/2026 11:57,"₹5,77,641.25","₹88,114.77",INR,105/2026/521,paid,Professional Services,E-112 G. Priya,31/08/2026
INV-6654,V-106,PO-3566,21/04/2025,21/04/2025 13:30,"₹29,040.01","₹4,429.83",INR,106/2025/522,paid,Professional Services,E-102 K. Prakash,11/05/2025
INV-6661,V-112,PO-3569,12/01/2026,12/01/2026 11:08,"₹11,008.84","₹1,679.31",INR,112/2026/523,paid,Office Supplies,E-112 G. Priya,01/02/2026
INV-6668,V-025,PO-3572,25/07/2025,25/07/2025 17:21,"₹47,298.16","₹7,214.97",INR,025/2025/524,paid,Electricals,E-117 Q. Ravi,14/08/2025
INV-6675,V-091,PO-3575,07/07/2026,07/07/2026 15:22,"₹4,040.79",₹616.39,INR,091/2026/525,paid,Raw Materials,E-100 R. Muthukumar,27/07/2026
INV-6682,V-068,PO-3578,10/11/2025,10/11/2025 14:22,"₹8,695.79","₹1,326.48",INR,068/2025/526,paid,Logistics,E-103 D. Lakshmi,30/11/2025
INV-6689,V-114,PO-3581,24/07/2026,24/07/2026 19:11,"₹26,903.04","₹4,103.85",INR,114/2026/527,paid,Office Supplies,E-116 F. Nazreen,13/08/2026
INV-6696,V-110,PO-3584,21/03/2025,21/03/2025 10:37,"₹1,36,489.70","₹20,820.46",INR,110/2025/528,paid,Packaging,E-102 K. Prakash,10/04/2025
INV-6703,V-042,PO-3587,26/11/2025,26/11/2025 15:23,"₹36,412.24","₹5,554.41",INR,042/2025/529,paid,Packaging,E-106 P. Raghavan,16/12/2025
INV-6710,V-073,PO-3590,31/12/2025,31/12/2025 18:17,"₹84,109.40","₹12,830.25",INR,073/2025/530,paid,Packaging,E-114 L. Meena,20/01/2026
INV-6717,V-059,PO-3593,26/05/2026,26/05/2026 10:59,"₹2,94,183.51","₹44,875.45",INR,059/2026/531,paid,Electricals,E-114 L. Meena,15/06/2026
INV-6724,V-054,PO-3596,15/01/2026,15/01/2026 19:44,"₹63,520.82","₹9,689.62",INR,054/2026/532,paid,Electricals,E-115 C. Dinesh,04/02/2026
INV-6731,V-082,PO-3599,30/12/2025,30/12/2025 09:29,"₹5,086.83",₹775.96,INR,082/2025/533,paid,Facilities,E-103 D. Lakshmi,19/01/2026
INV-6738,V-012,PO-3602,19/01/2026,19/01/2026 18:15,"₹23,759.58","₹3,624.34",INR,012/2026/534,paid,Facilities,E-108 M. Sathish,08/02/2026
INV-6745,V-010,PO-3605,04/06/2026,04/06/2026 12:17,"₹4,10,569.95","₹62,629.31",INR,010/2026/535,paid,IT Hardware,E-113 H. Vasanth,24/06/2026
INV-6752,V-007,PO-3608,22/09/2025,22/09/2025 13:45,"₹14,608.06","₹2,228.35",INR,007/2025/536,paid,Raw Materials,E-111 B. Senthil,12/10/2025
INV-6759,V-019,PO-3611,18/06/2025,18/06/2025 15:59,"₹4,809.68",₹733.68,INR,019/2025/537,paid,Professional Services,E-101 S. Anitha,08/07/2025
INV-6766,V-023,PO-3614,17/09/2025,17/09/2025 19:28,"₹7,917.40","₹1,207.74",INR,023/2025/538,paid,Office Supplies,E-100 R. Muthukumar,07/10/2025
INV-6773,V-118,PO-3617,30/07/2026,30/07/2026 13:15,"₹2,09,274.56","₹31,923.24",INR,118/2026/539,paid,Office Supplies,E-102 K. Prakash,19/08/2026
INV-6780,V-046,PO-3620,21/03/2025,21/03/2025 11:46,"₹3,22,232.60","₹49,154.13",INR,046/2025/540,paid,Logistics,E-107 N. Devika,10/04/2025
INV-6787,V-005,PO-3623,25/07/2025,25/07/2025 19:53,"₹6,081.93",₹927.75,INR,005/2025/541,paid,Electricals,E-108 M. Sathish,14/08/2025
INV-6794,V-013,PO-3626,26/09/2025,26/09/2025 09:38,"₹10,093.31","₹1,539.66",INR,013/2025/542,paid,Professional Services,E-116 F. Nazreen,16/10/2025
INV-6801,V-012,PO-3629,07/03/2025,07/03/2025 11:02,"₹2,24,679.98","₹34,273.22",INR,012/2025/543,paid,Professional Services,E-103 D. Lakshmi,27/03/2025
INV-6808,V-032,PO-3632,28/04/2025,28/04/2025 16:40,"₹2,80,785.32","₹42,831.66",INR,032/2025/544,paid,Logistics,E-109 J. Kavitha,18/05/2025
INV-6815,V-095,PO-3635,02/05/2025,02/05/2025 18:17,"₹31,158.61","₹4,753.01",INR,095/2025/545,paid,Facilities,E-116 F. Nazreen,22/05/2025
INV-6822,V-081,PO-3638,12/05/2026,12/05/2026 16:24,"₹69,183.08","₹10,553.35",INR,081/2026/546,paid,Logistics,E-115 C. Dinesh,01/06/2026
INV-6829,V-001,PO-3641,13/04/2026,13/04/2026 16:53,"₹53,188.64","₹8,113.52",INR,001/2026/547,paid,Electricals,E-108 M. Sathish,03/05/2026
INV-6836,V-109,PO-3644,03/06/2025,03/06/2025 18:58,"₹47,405.00","₹7,231.27",INR,109/2025/548,paid,Packaging,E-109 J. Kavitha,23/06/2025
INV-6843,V-049,PO-3647,13/03/2026,13/03/2026 13:07,"₹2,80,474.04","₹42,784.18",INR,049/2026/549,paid,Professional Services,E-101 S. Anitha,02/04/2026
INV-6850,V-117,PO-3650,11/06/2025,11/06/2025 15:49,"₹25,888.25","₹3,949.06",INR,117/2025/550,paid,Logistics,E-111 B. Senthil,01/07/2025
INV-6857,V-014,PO-3653,23/04/2026,23/04/2026 13:05,"₹3,36,782.17","₹51,373.55",INR,014/2026/551,paid,Raw Materials,E-108 M. Sathish,13/05/2026
INV-6864,V-029,PO-3656,24/04/2026,24/04/2026 14:44,"₹18,782.54","₹2,865.13",INR,029/2026/552,paid,Facilities,E-105 A. Fathima,14/05/2026
INV-6871,V-103,PO-3659,23/06/2026,23/06/2026 12:30,"₹63,007.79","₹9,611.36",INR,103/2026/553,paid,Professional Services,E-112 G. Priya,13/07/2026
INV-6878,V-018,PO-3662,21/08/2025,21/08/2025 15:34,"₹1,44,396.53","₹22,026.59",INR,018/2025/554,paid,IT Hardware,E-109 J. Kavitha,10/09/2025
INV-6885,V-019,PO-3665,14/08/2026,14/08/2026 16:47,"₹2,07,882.41","₹31,710.88",INR,019/2026/555,paid,Packaging,E-116 F. Nazreen,03/09/2026
INV-6892,V-086,PO-3668,08/06/2026,08/06/2026 09:49,"₹64,299.63","₹9,808.42",INR,086/2026/556,paid,Logistics,E-113 H. Vasanth,28/06/2026
INV-6899,V-020,PO-3671,27/02/2026,27/02/2026 16:07,"₹77,277.87","₹11,788.15",INR,020/2026/557,paid,Professional Services,E-112 G. Priya,19/03/2026
INV-6906,V-001,PO-3674,23/01/2026,23/01/2026 14:15,"₹4,13,810.66","₹63,123.66",INR,001/2026/558,paid,Professional Services,E-110 T. Arulmozhi,12/02/2026
INV-6913,V-034,PO-3677,19/12/2025,19/12/2025 16:38,"₹16,878.53","₹2,574.69",INR,034/2025/559,paid,Professional Services,E-103 D. Lakshmi,08/01/2026
INV-6920,V-018,PO-3680,15/05/2025,15/05/2025 16:43,"₹6,888.99","₹1,050.86",INR,018/2025/560,paid,Office Supplies,E-102 K. Prakash,04/06/2025
INV-6927,V-034,PO-3683,23/05/2025,23/05/2025 14:51,"₹47,642.84","₹7,267.55",INR,034/2025/561,paid,Packaging,E-111 B. Senthil,12/06/2025
INV-6934,V-053,PO-3686,20/04/2025,20/04/2025 19:56,"₹9,166.93","₹1,398.35",INR,053/2025/562,paid,Office Supplies,E-114 L. Meena,10/05/2025
INV-6941,V-006,PO-3689,17/06/2026,17/06/2026 10:33,"₹27,364.90","₹4,174.31",INR,006/2026/563,paid,Electricals,E-111 B. Senthil,07/07/2026
INV-6948,V-058,PO-3692,25/12/2025,25/12/2025 19:33,"₹12,871.90","₹1,963.51",INR,058/2025/564,paid,Logistics,E-100 R. Muthukumar,14/01/2026
INV-6955,V-065,PO-3695,21/05/2025,21/05/2025 09:54,"₹8,664.20","₹1,321.66",INR,065/2025/565,paid,Professional Services,E-105 A. Fathima,10/06/2025
INV-6962,V-082,PO-3698,11/02/2026,11/02/2026 10:49,"₹5,50,593.40","₹83,988.82",INR,082/2026/566,paid,Office Supplies,E-117 Q. Ravi,03/03/2026
INV-6969,V-004,PO-3701,16/04/2025,16/04/2025 19:52,"₹33,427.12","₹5,099.05",INR,004/2025/567,paid,Facilities,E-101 S. Anitha,06/05/2025
INV-6976,V-029,PO-3704,09/12/2025,09/12/2025 19:49,"₹8,121.31","₹1,238.84",INR,029/2025/568,paid,Packaging,E-115 C. Dinesh,29/12/2025
INV-6983,V-110,PO-3707,09/06/2025,09/06/2025 14:46,"₹2,12,107.34","₹32,355.36",INR,110/2025/569,paid,Raw Materials,E-117 Q. Ravi,29/06/2025
INV-6990,V-058,PO-3710,24/03/2025,24/03/2025 11:46,"₹12,528.20","₹1,911.08",INR,058/2025/570,paid,Office Supplies,E-113 H. Vasanth,13/04/2025
INV-6997,V-085,PO-3713,25/12/2025,25/12/2025 11:43,"₹9,446.34","₹1,440.97",INR,085/2025/571,paid,Packaging,E-108 M. Sathish,14/01/2026
INV-7004,V-048,PO-3716,07/01/2026,07/01/2026 13:08,"₹1,69,934.87","₹25,922.27",INR,048/2026/572,paid,Professional Services,E-104 V. Sundaram,27/01/2026
INV-7011,V-025,PO-3719,16/02/2026,16/02/2026 11:18,"₹1,49,095.16","₹22,743.33",INR,025/2026/573,paid,Facilities,E-101 S. Anitha,08/03/2026
INV-7018,V-097,PO-3722,16/04/2026,16/04/2026 12:20,"₹49,368.64","₹7,530.81",INR,097/2026/574,paid,IT Hardware,E-102 K. Prakash,06/05/2026
INV-7025,V-111,PO-3725,12/09/2025,12/09/2025 17:51,"₹43,664.79","₹6,660.73",INR,111/2025/575,paid,Raw Materials,E-111 B. Senthil,02/10/2025
INV-7032,V-090,PO-3728,16/01/2026,16/01/2026 17:18,"₹54,763.43","₹8,353.74",INR,090/2026/576,paid,Logistics,E-102 K. Prakash,05/02/2026
INV-7039,V-107,PO-3731,28/10/2025,28/10/2025 18:21,"₹42,452.83","₹6,475.86",INR,107/2025/577,paid,Office Supplies,E-108 M. Sathish,17/11/2025
INV-7046,V-040,PO-3734,12/06/2026,12/06/2026 18:24,"₹39,179.47","₹5,976.53",INR,040/2026/578,paid,Professional Services,E-112 G. Priya,02/07/2026
INV-7053,V-107,PO-3737,09/07/2026,09/07/2026 17:08,"₹22,169.53","₹3,381.79",INR,107/2026/579,paid,IT Hardware,E-109 J. Kavitha,29/07/2026
INV-7060,V-066,PO-3740,26/12/2025,26/12/2025 18:35,"₹30,736.49","₹4,688.62",INR,066/2025/580,paid,IT Hardware,E-109 J. Kavitha,15/01/2026
INV-7067,V-084,PO-3743,01/07/2025,01/07/2025 15:16,"₹45,539.76","₹6,946.74",INR,084/2025/581,paid,Professional Services,E-112 G. Priya,21/07/2025
INV-7074,V-088,PO-3746,09/12/2025,09/12/2025 13:07,"₹3,95,039.88","₹60,260.32",INR,088/2025/582,paid,Packaging,E-104 V. Sundaram,29/12/2025
INV-7081,V-090,PO-3749,05/06/2026,05/06/2026 16:44,"₹23,862.14","₹3,639.99",INR,090/2026/583,paid,Packaging,E-111 B. Senthil,25/06/2026
INV-7088,V-105,PO-3752,09/07/2026,09/07/2026 12:55,"₹61,361.04","₹9,360.16",INR,105/2026/584,paid,Logistics,E-115 C. Dinesh,29/07/2026
INV-7095,V-011,PO-3755,10/07/2026,10/07/2026 14:36,"₹21,762.72","₹3,319.74",INR,011/2026/585,paid,Electricals,E-116 F. Nazreen,30/07/2026
INV-7102,V-041,PO-3758,05/02/2026,05/02/2026 14:49,"₹2,48,153.68","₹37,853.95",INR,041/2026/586,paid,Facilities,E-114 L. Meena,25/02/2026
INV-7109,V-092,PO-3761,10/06/2025,10/06/2025 12:34,"₹14,619.06","₹2,230.03",INR,092/2025/587,paid,Professional Services,E-116 F. Nazreen,30/06/2025
INV-7116,V-023,PO-3764,05/07/2025,05/07/2025 10:36,"₹2,98,962.90","₹45,604.51",INR,023/2025/588,paid,Professional Services,E-111 B. Senthil,25/07/2025
INV-7123,V-029,PO-3767,27/07/2026,27/07/2026 13:07,"₹71,723.37","₹10,940.85",INR,029/2026/589,paid,Facilities,E-101 S. Anitha,16/08/2026
INV-7130,V-096,PO-3770,27/08/2025,27/08/2025 16:20,"₹1,53,724.77","₹23,449.54",INR,096/2025/590,paid,Logistics,E-106 P. Raghavan,16/09/2025
INV-7137,V-096,PO-3773,14/07/2025,14/07/2025 15:03,"₹7,654.20","₹1,167.59",INR,096/2025/591,paid,Professional Services,E-107 N. Devika,03/08/2025
INV-7144,V-047,PO-3776,03/09/2025,03/09/2025 19:00,"₹7,933.11","₹1,210.14",INR,047/2025/592,paid,IT Hardware,E-100 R. Muthukumar,23/09/2025
INV-7151,V-011,PO-3779,16/09/2025,16/09/2025 19:56,"₹12,605.15","₹1,922.82",INR,011/2025/593,paid,IT Hardware,E-108 M. Sathish,06/10/2025
INV-7158,V-048,PO-3782,08/09/2025,08/09/2025 11:12,"₹65,201.53","₹9,946.00",INR,048/2025/594,paid,Professional Services,E-117 Q. Ravi,28/09/2025
INV-7165,V-023,PO-3785,18/06/2025,18/06/2025 12:21,"₹77,364.93","₹11,801.43",INR,023/2025/595,paid,Packaging,E-105 A. Fathima,08/07/2025
INV-7172,V-069,PO-3788,09/09/2025,09/09/2025 10:46,"₹52,808.94","₹8,055.60",INR,069/2025/596,paid,Electricals,E-103 D. Lakshmi,29/09/2025
INV-7179,V-051,PO-3791,09/09/2025,09/09/2025 18:41,"₹5,847.64",₹892.01,INR,051/2025/597,paid,Packaging,E-105 A. Fathima,29/09/2025
INV-7186,V-031,PO-3794,27/03/2026,27/03/2026 19:32,"₹10,085.93","₹1,538.53",INR,031/2026/598,paid,IT Hardware,E-115 C. Dinesh,16/04/2026
INV-7193,V-101,PO-3797,02/03/2026,02/03/2026 18:20,"₹3,35,584.34","₹51,190.83",INR,101/2026/599,paid,Facilities,E-110 T. Arulmozhi,22/03/2026
INV-7200,V-071,PO-3800,17/11/2025,17/11/2025 17:56,"₹2,83,926.85","₹43,310.88",INR,071/2025/600,paid,Packaging,E-109 J. Kavitha,07/12/2025
INV-7207,V-020,PO-3803,12/04/2025,12/04/2025 16:28,"₹5,318.83",₹811.35,INR,020/2025/601,paid,Logistics,E-116 F. Nazreen,02/05/2025
INV-7214,V-019,PO-3806,05/06/2026,05/06/2026 18:22,"₹51,199.79","₹7,810.14",INR,019/2026/602,paid,Professional Services,E-102 K. Prakash,25/06/2026
INV-7221,V-087,PO-3809,22/04/2026,22/04/2026 16:49,"₹16,242.46","₹2,477.66",INR,087/2026/603,paid,Office Supplies,E-106 P. Raghavan,12/05/2026
INV-7228,V-050,PO-3812,03/09/2025,03/09/2025 09:47,"₹40,253.73","₹6,140.40",INR,050/2025/604,paid,Office Supplies,E-111 B. Senthil,23/09/2025
INV-7235,V-053,PO-3815,22/05/2026,22/05/2026 17:32,"₹16,968.83","₹2,588.47",INR,053/2026/605,paid,IT Hardware,E-113 H. Vasanth,11/06/2026
INV-7242,V-099,PO-3818,08/01/2026,08/01/2026 10:43,"₹5,007.28",₹763.82,INR,099/2026/606,paid,Professional Services,E-106 P. Raghavan,28/01/2026
INV-7249,V-039,PO-3821,23/06/2026,23/06/2026 15:30,"₹7,549.78","₹1,151.66",INR,039/2026/607,paid,Packaging,E-115 C. Dinesh,13/07/2026
INV-7256,V-079,PO-3824,04/05/2026,04/05/2026 17:28,"₹4,11,976.56","₹62,843.88",INR,079/2026/608,paid,Electricals,E-115 C. Dinesh,24/05/2026
INV-7263,V-058,PO-3827,26/02/2026,26/02/2026 19:03,"₹15,694.48","₹2,394.07",INR,058/2026/609,paid,Raw Materials,E-102 K. Prakash,18/03/2026
INV-7270,V-079,PO-3830,18/03/2026,18/03/2026 17:24,"₹57,885.16","₹8,829.94",INR,079/2026/610,paid,Raw Materials,E-110 T. Arulmozhi,07/04/2026
INV-7277,V-044,PO-3833,14/04/2026,14/04/2026 16:28,"₹1,97,617.10","₹30,144.98",INR,044/2026/611,paid,Facilities,E-107 N. Devika,04/05/2026
INV-7284,V-067,PO-3836,28/01/2026,28/01/2026 14:54,"₹5,29,965.79","₹80,842.24",INR,067/2026/612,paid,Facilities,E-100 R. Muthukumar,17/02/2026
INV-7291,V-030,PO-3839,01/07/2025,01/07/2025 12:25,"₹4,47,068.02","₹68,196.82",INR,030/2025/613,paid,Electricals,E-100 R. Muthukumar,21/07/2025
INV-7298,V-047,PO-3842,09/01/2026,09/01/2026 18:24,"₹25,467.15","₹3,884.82",INR,047/2026/614,paid,Professional Services,E-104 V. Sundaram,29/01/2026
INV-7305,V-091,PO-3845,15/06/2026,15/06/2026 09:26,"₹2,22,773.60","₹33,982.41",INR,091/2026/615,paid,Electricals,E-110 T. Arulmozhi,05/07/2026
INV-7312,V-001,PO-3848,16/02/2026,16/02/2026 10:49,"₹3,57,046.82","₹54,464.77",INR,001/2026/616,paid,Office Supplies,E-114 L. Meena,08/03/2026
INV-7319,V-086,PO-3851,20/11/2025,20/11/2025 11:45,"₹38,045.13","₹5,803.49",INR,086/2025/617,paid,Professional Services,E-104 V. Sundaram,10/12/2025
INV-7326,V-006,PO-3854,12/01/2026,12/01/2026 12:43,"₹53,445.54","₹8,152.71",INR,006/2026/618,paid,Office Supplies,E-117 Q. Ravi,01/02/2026
INV-7333,V-029,PO-3857,05/06/2026,05/06/2026 10:03,"₹4,70,889.49","₹71,830.60",INR,029/2026/619,paid,Facilities,E-112 G. Priya,25/06/2026
INV-7340,V-007,PO-3860,02/06/2026,02/06/2026 16:58,"₹3,40,157.95","₹51,888.50",INR,007/2026/620,paid,Professional Services,E-111 B. Senthil,22/06/2026
INV-7347,V-026,PO-3863,29/11/2025,29/11/2025 19:44,"₹61,390.67","₹9,364.68",INR,026/2025/621,paid,Packaging,E-107 N. Devika,19/12/2025
INV-7354,V-111,PO-3866,04/05/2026,04/05/2026 18:20,"₹2,24,922.62","₹34,310.23",INR,111/2026/622,paid,Packaging,E-100 R. Muthukumar,24/05/2026
INV-7361,V-011,PO-3869,25/12/2025,25/12/2025 11:20,"₹14,580.60","₹2,224.16",INR,011/2025/623,paid,Logistics,E-105 A. Fathima,14/01/2026
INV-7368,V-110,PO-3872,03/04/2025,03/04/2025 16:04,"₹1,36,675.13","₹20,848.75",INR,110/2025/624,paid,Professional Services,E-114 L. Meena,23/04/2025
INV-7375,V-111,PO-3875,25/12/2025,25/12/2025 10:15,"₹32,680.09","₹4,985.10",INR,111/2025/625,paid,Professional Services,E-107 N. Devika,14/01/2026
INV-7382,V-067,PO-3878,28/04/2026,28/04/2026 12:11,"₹35,430.00","₹5,404.58",INR,067/2026/626,paid,Electricals,E-116 F. Nazreen,18/05/2026
INV-7389,V-036,PO-3881,07/08/2026,07/08/2026 15:37,"₹1,21,854.02","₹18,587.90",INR,036/2026/627,paid,Facilities,E-106 P. Raghavan,27/08/2026
INV-7396,V-070,PO-3884,06/08/2025,06/08/2025 12:25,"₹38,039.11","₹5,802.58",INR,070/2025/628,paid,Packaging,E-103 D. Lakshmi,26/08/2025
INV-7403,V-093,PO-3887,01/04/2026,01/04/2026 13:52,"₹9,990.04","₹1,523.90",INR,093/2026/629,paid,Packaging,E-108 M. Sathish,21/04/2026
INV-7410,V-036,PO-3890,25/12/2025,25/12/2025 12:34,"₹97,039.22","₹14,802.59",INR,036/2025/630,paid,IT Hardware,E-110 T. Arulmozhi,14/01/2026
INV-7417,V-006,PO-3893,29/05/2026,29/05/2026 12:04,"₹3,96,257.68","₹60,446.09",INR,006/2026/631,paid,Electricals,E-108 M. Sathish,18/06/2026
INV-7424,V-074,PO-3896,26/12/2025,26/12/2025 13:05,"₹3,46,376.09","₹52,837.03",INR,074/2025/632,paid,Office Supplies,E-106 P. Raghavan,15/01/2026
INV-7431,V-077,PO-3899,27/11/2025,27/11/2025 19:27,"₹3,47,750.42","₹53,046.67",INR,077/2025/633,paid,Logistics,E-107 N. Devika,17/12/2025
INV-7438,V-009,PO-3902,07/05/2026,07/05/2026 13:27,"₹1,29,585.06","₹19,767.21",INR,009/2026/634,paid,Logistics,E-114 L. Meena,27/05/2026
INV-7445,V-039,PO-3905,10/03/2026,10/03/2026 16:26,"₹1,02,080.60","₹15,571.62",INR,039/2026/635,paid,Packaging,E-116 F. Nazreen,30/03/2026
INV-7452,V-068,PO-3908,18/03/2025,18/03/2025 16:29,"₹35,485.46","₹5,413.04",INR,068/2025/636,paid,Professional Services,E-117 Q. Ravi,07/04/2025
INV-7459,V-032,PO-3911,25/07/2025,25/07/2025 10:36,"₹11,965.44","₹1,825.24",INR,032/2025/637,paid,Logistics,E-116 F. Nazreen,14/08/2025
INV-7466,V-092,PO-3914,04/03/2025,04/03/2025 12:10,"₹4,265.13",₹650.61,INR,092/2025/638,paid,Electricals,E-100 R. Muthukumar,24/03/2025
INV-7473,V-033,PO-3917,16/12/2025,16/12/2025 14:10,"₹24,668.70","₹3,763.02",INR,033/2025/639,paid,Professional Services,E-117 Q. Ravi,05/01/2026
INV-7480,V-109,PO-3920,01/12/2025,01/12/2025 15:05,"₹11,090.95","₹1,691.84",INR,109/2025/640,paid,Office Supplies,E-109 J. Kavitha,21/12/2025
INV-7487,V-114,PO-3923,18/08/2025,18/08/2025 17:21,"₹1,51,116.62","₹23,051.69",INR,114/2025/641,paid,Electricals,E-115 C. Dinesh,07/09/2025
INV-7494,V-102,PO-3926,16/07/2025,16/07/2025 15:15,"₹1,47,407.27","₹22,485.85",INR,102/2025/642,paid,Facilities,E-114 L. Meena,05/08/2025
INV-7501,V-095,PO-3929,31/01/2026,31/01/2026 17:52,"₹13,474.57","₹2,055.44",INR,095/2026/643,paid,Office Supplies,E-105 A. Fathima,20/02/2026
INV-7508,V-036,PO-3932,29/04/2025,29/04/2025 12:50,"₹2,80,804.04","₹42,834.51",INR,036/2025/644,paid,IT Hardware,E-112 G. Priya,19/05/2025
INV-7515,V-035,PO-3935,06/05/2026,06/05/2026 19:50,"₹3,51,113.54","₹53,559.69",INR,035/2026/645,paid,IT Hardware,E-103 D. Lakshmi,26/05/2026
INV-7522,V-099,PO-3938,24/11/2025,24/11/2025 19:46,"₹55,388.55","₹8,449.10",INR,099/2025/646,paid,Office Supplies,E-109 J. Kavitha,14/12/2025
INV-7529,V-021,PO-3941,13/04/2026,13/04/2026 13:46,"₹1,48,816.76","₹22,700.86",INR,021/2026/647,paid,Electricals,E-105 A. Fathima,03/05/2026
INV-7536,V-027,PO-3944,28/05/2026,28/05/2026 11:24,"₹5,15,751.80","₹78,674.00",INR,027/2026/648,paid,Office Supplies,E-114 L. Meena,17/06/2026
INV-7543,V-024,PO-3947,23/07/2025,23/07/2025 16:32,"₹7,215.99","₹1,100.74",INR,024/2025/649,paid,IT Hardware,E-101 S. Anitha,12/08/2025
INV-7550,V-080,PO-3950,08/04/2025,08/04/2025 18:59,"₹3,67,297.82","₹56,028.48",INR,080/2025/650,paid,Logistics,E-102 K. Prakash,28/04/2025
INV-7557,V-042,PO-3953,15/07/2025,15/07/2025 14:23,"₹52,032.01","₹7,937.09",INR,042/2025/651,paid,Packaging,E-102 K. Prakash,04/08/2025
INV-7564,V-026,PO-3956,02/01/2026,02/01/2026 19:40,"₹5,045.47",₹769.65,INR,026/2026/652,paid,Facilities,E-101 S. Anitha,22/01/2026
INV-7571,V-100,PO-3959,27/11/2025,27/11/2025 18:33,"₹5,03,936.38","₹76,871.65",INR,100/2025/653,paid,Office Supplies,E-105 A. Fathima,17/12/2025
INV-7578,V-021,PO-3962,16/12/2025,16/12/2025 18:18,"₹16,752.91","₹2,555.53",INR,021/2025/654,paid,Office Supplies,E-116 F. Nazreen,05/01/2026
INV-7585,V-088,PO-3965,28/01/2026,28/01/2026 10:38,"₹5,959.37",₹909.06,INR,088/2026/655,paid,Packaging,E-109 J. Kavitha,17/02/2026
INV-7592,V-065,PO-3968,08/06/2026,08/06/2026 18:27,"₹1,37,680.70","₹21,002.14",INR,065/2026/656,paid,Electricals,E-114 L. Meena,28/06/2026
INV-7599,V-009,PO-3971,18/11/2025,18/11/2025 09:06,"₹45,853.64","₹6,994.62",INR,009/2025/657,paid,Electricals,E-112 G. Priya,08/12/2025
INV-7606,V-049,PO-3974,19/05/2025,19/05/2025 09:20,"₹6,725.92","₹1,025.99",INR,049/2025/658,paid,Raw Materials,E-107 N. Devika,08/06/2025
INV-7613,V-001,PO-3977,29/08/2025,29/08/2025 17:47,"₹32,208.23","₹4,913.12",INR,001/2025/659,paid,Packaging,E-108 M. Sathish,18/09/2025
INV-7620,V-040,PO-3980,15/07/2026,15/07/2026 19:58,"₹33,022.70","₹5,037.36",INR,040/2026/660,paid,Electricals,E-107 N. Devika,04/08/2026
INV-7627,V-041,PO-3983,12/06/2025,12/06/2025 17:10,"₹49,290.87","₹7,518.95",INR,041/2025/661,paid,IT Hardware,E-103 D. Lakshmi,02/07/2025
INV-7634,V-064,PO-3986,01/10/2025,01/10/2025 09:52,"₹73,500.30","₹11,211.91",INR,064/2025/662,paid,Logistics,E-101 S. Anitha,21/10/2025
INV-7641,V-114,PO-3989,30/01/2026,30/01/2026 10:02,"₹4,852.09",₹740.15,INR,114/2026/663,paid,Professional Services,E-113 H. Vasanth,19/02/2026
INV-7648,V-046,PO-3992,17/03/2025,17/03/2025 18:57,"₹4,628.95",₹706.11,INR,046/2025/664,paid,IT Hardware,E-102 K. Prakash,06/04/2025
INV-7655,V-023,PO-3995,09/06/2026,09/06/2026 10:32,"₹73,217.08","₹11,168.71",INR,023/2026/665,paid,Office Supplies,E-116 F. Nazreen,29/06/2026
INV-7662,V-017,PO-3998,20/05/2025,20/05/2025 12:35,"₹27,657.11","₹4,218.88",INR,017/2025/666,paid,Raw Materials,E-105 A. Fathima,09/06/2025
INV-7669,V-043,PO-4001,24/04/2025,24/04/2025 15:55,"₹1,18,974.47","₹18,148.65",INR,043/2025/667,paid,Office Supplies,E-101 S. Anitha,14/05/2025
INV-7676,V-031,PO-4004,05/03/2025,05/03/2025 16:35,"₹2,36,692.08","₹36,105.57",INR,031/2025/668,paid,Professional Services,E-103 D. Lakshmi,25/03/2025
INV-7683,V-015,PO-4007,23/05/2025,23/05/2025 10:56,"₹8,687.84","₹1,325.26",INR,015/2025/669,paid,Professional Services,E-109 J. Kavitha,12/06/2025
INV-7690,V-002,PO-4010,16/07/2025,16/07/2025 12:28,"₹36,230.60","₹5,526.70",INR,002/2025/670,paid,Raw Materials,E-101 S. Anitha,05/08/2025
INV-7697,V-010,PO-4013,04/08/2025,04/08/2025 15:39,"₹47,297.76","₹7,214.91",INR,010/2025/671,paid,Professional Services,E-109 J. Kavitha,24/08/2025
INV-7704,V-060,PO-4016,04/11/2025,04/11/2025 12:12,"₹4,299.13",₹655.80,INR,060/2025/672,paid,Professional Services,E-103 D. Lakshmi,24/11/2025
INV-7711,V-070,PO-4019,24/11/2025,24/11/2025 16:58,"₹14,962.12","₹2,282.36",INR,070/2025/673,paid,IT Hardware,E-103 D. Lakshmi,14/12/2025
INV-7718,V-110,PO-4022,30/07/2026,30/07/2026 19:01,"₹7,989.54","₹1,218.74",INR,110/2026/674,paid,Raw Materials,E-102 K. Prakash,19/08/2026
INV-7725,V-104,PO-4025,04/05/2026,04/05/2026 10:44,"₹61,225.43","₹9,339.47",INR,104/2026/675,paid,Logistics,E-108 M. Sathish,24/05/2026
INV-7732,V-103,PO-4028,22/04/2025,22/04/2025 14:18,"₹3,61,935.64","₹55,210.52",INR,103/2025/676,paid,Facilities,E-102 K. Prakash,12/05/2025
INV-7739,V-060,PO-4031,14/04/2025,14/04/2025 16:34,"₹24,949.72","₹3,805.89",INR,060/2025/677,paid,Professional Services,E-113 H. Vasanth,04/05/2025
INV-7746,V-053,PO-4034,27/04/2026,27/04/2026 15:31,"₹12,594.82","₹1,921.24",INR,053/2026/678,paid,Packaging,E-101 S. Anitha,17/05/2026
INV-7753,V-104,PO-4037,28/03/2026,28/03/2026 14:41,"₹6,228.25",₹950.07,INR,104/2026/679,paid,Logistics,E-117 Q. Ravi,17/04/2026
INV-7760,V-109,PO-4040,26/11/2025,26/11/2025 16:14,"₹21,486.31","₹3,277.57",INR,109/2025/680,paid,Facilities,E-116 F. Nazreen,16/12/2025
INV-7767,V-073,PO-4043,06/03/2026,06/03/2026 14:48,"₹1,65,542.14","₹25,252.19",INR,073/2026/681,paid,Packaging,E-106 P. Raghavan,26/03/2026
INV-7774,V-076,PO-4046,25/07/2025,25/07/2025 18:02,"₹19,030.16","₹2,902.91",INR,076/2025/682,paid,Logistics,E-113 H. Vasanth,14/08/2025
INV-7781,V-088,PO-4049,30/04/2026,30/04/2026 12:10,"₹1,81,758.43","₹27,725.86",INR,088/2026/683,paid,Office Supplies,E-102 K. Prakash,20/05/2026
INV-7788,V-044,PO-4052,11/06/2026,11/06/2026 12:04,"₹7,065.29","₹1,077.76",INR,044/2026/684,paid,Logistics,E-100 R. Muthukumar,01/07/2026
INV-7795,V-102,PO-4055,26/01/2026,26/01/2026 09:06,"₹2,26,675.16","₹34,577.57",INR,102/2026/685,paid,Professional Services,E-107 N. Devika,15/02/2026
INV-7802,V-005,PO-4058,05/06/2025,05/06/2025 13:17,"₹2,17,512.31","₹33,179.84",INR,005/2025/686,paid,Raw Materials,E-104 V. Sundaram,25/06/2025
INV-7809,V-109,PO-4061,06/06/2025,06/06/2025 09:41,"₹7,533.59","₹1,149.19",INR,109/2025/687,paid,Facilities,E-101 S. Anitha,26/06/2025
INV-7816,V-021,PO-4064,24/07/2026,24/07/2026 12:15,"₹58,720.39","₹8,957.35",INR,021/2026/688,paid,Office Supplies,E-105 A. Fathima,13/08/2026
INV-7823,V-094,PO-4067,03/04/2025,03/04/2025 11:43,"₹15,209.31","₹2,320.06",INR,094/2025/689,paid,Electricals,E-101 S. Anitha,23/04/2025
INV-7830,V-061,PO-4070,23/02/2026,23/02/2026 10:19,"₹55,937.16","₹8,532.79",INR,061/2026/690,paid,Electricals,E-111 B. Senthil,15/03/2026
INV-7837,V-077,PO-4073,16/06/2026,16/06/2026 19:34,"₹87,910.94","₹13,410.14",INR,077/2026/691,paid,Office Supplies,E-102 K. Prakash,06/07/2026
INV-7844,V-011,PO-4076,11/04/2025,11/04/2025 14:18,"₹1,18,717.71","₹18,109.48",INR,011/2025/692,paid,Electricals,E-110 T. Arulmozhi,01/05/2025
INV-7851,V-009,PO-4079,15/10/2025,15/10/2025 13:33,"₹15,198.17","₹2,318.36",INR,009/2025/693,paid,Professional Services,E-108 M. Sathish,04/11/2025
INV-7858,V-091,PO-4082,22/05/2026,22/05/2026 12:15,"₹12,213.06","₹1,863.01",INR,091/2026/694,paid,IT Hardware,E-115 C. Dinesh,11/06/2026
INV-7865,V-092,PO-4085,21/08/2025,21/08/2025 16:26,"₹5,69,430.13","₹86,862.22",INR,092/2025/695,paid,Facilities,E-117 Q. Ravi,10/09/2025
INV-7872,V-021,PO-4088,02/02/2026,02/02/2026 15:13,"₹2,64,155.18","₹40,294.86",INR,021/2026/696,paid,Raw Materials,E-113 H. Vasanth,22/02/2026
INV-7879,V-045,PO-4091,05/02/2026,05/02/2026 19:44,"₹2,68,818.02","₹41,006.14",INR,045/2026/697,paid,Facilities,E-111 B. Senthil,25/02/2026
INV-7886,V-087,PO-4094,22/07/2026,22/07/2026 18:55,"₹68,085.34","₹10,385.90",INR,087/2026/698,paid,Raw Materials,E-114 L. Meena,11/08/2026
INV-7893,V-033,PO-4097,05/08/2026,05/08/2026 14:23,"₹8,788.42","₹1,340.61",INR,033/2026/699,paid,Professional Services,E-103 D. Lakshmi,25/08/2026
INV-7900,V-070,PO-4100,27/03/2026,27/03/2026 13:25,"₹33,628.13","₹5,129.71",INR,070/2026/700,paid,Packaging,E-105 A. Fathima,16/04/2026
INV-7907,V-021,PO-4103,12/02/2026,12/02/2026 15:00,"₹1,96,146.77","₹29,920.69",INR,021/2026/701,paid,Office Supplies,E-111 B. Senthil,04/03/2026
INV-7914,V-101,PO-4106,30/03/2026,30/03/2026 13:51,"₹2,75,066.44","₹41,959.29",INR,101/2026/702,paid,Facilities,E-105 A. Fathima,19/04/2026
INV-7921,V-055,PO-4109,20/08/2026,20/08/2026 09:41,"₹5,12,296.65","₹78,146.95",INR,055/2026/703,paid,Logistics,E-114 L. Meena,09/09/2026
INV-7928,V-078,PO-4112,06/06/2025,06/06/2025 16:44,"₹4,52,462.43","₹69,019.69",INR,078/2025/704,paid,IT Hardware,E-108 M. Sathish,26/06/2025
INV-7935,V-113,PO-4115,21/04/2025,21/04/2025 16:10,"₹68,840.66","₹10,501.12",INR,113/2025/705,paid,Electricals,E-117 Q. Ravi,11/05/2025
INV-7942,V-093,PO-4118,22/04/2025,22/04/2025 18:40,"₹28,777.25","₹4,389.75",INR,093/2025/706,paid,Professional Services,E-108 M. Sathish,12/05/2025
INV-7949,V-009,PO-4121,27/07/2026,27/07/2026 11:10,"₹32,410.15","₹4,943.92",INR,009/2026/707,paid,Logistics,E-104 V. Sundaram,16/08/2026
INV-7956,V-117,PO-4124,22/07/2026,22/07/2026 09:04,"₹5,57,441.08","₹85,033.39",INR,117/2026/708,paid,Raw Materials,E-110 T. Arulmozhi,11/08/2026
INV-7963,V-036,PO-4127,30/07/2025,30/07/2025 09:42,"₹8,841.60","₹1,348.72",INR,036/2025/709,paid,Packaging,E-111 B. Senthil,19/08/2025
INV-7970,V-070,PO-4130,06/05/2025,06/05/2025 13:22,"₹34,457.93","₹5,256.29",INR,070/2025/710,paid,Facilities,E-112 G. Priya,26/05/2025
INV-7977,V-104,PO-4133,04/07/2025,04/07/2025 14:24,"₹28,364.40","₹4,326.77",INR,104/2025/711,paid,Packaging,E-114 L. Meena,24/07/2025
INV-7984,V-062,PO-4136,20/06/2025,20/06/2025 12:53,"₹7,209.28","₹1,099.72",INR,062/2025/712,paid,Facilities,E-104 V. Sundaram,10/07/2025
INV-7991,V-055,PO-4139,07/05/2025,07/05/2025 18:32,"₹11,100.96","₹1,693.37",INR,055/2025/713,paid,Electricals,E-113 H. Vasanth,27/05/2025
INV-7998,V-105,PO-4142,26/07/2026,26/07/2026 14:10,"₹55,718.18","₹8,499.38",INR,105/2026/714,paid,IT Hardware,E-114 L. Meena,15/08/2026
INV-8005,V-036,PO-4145,30/10/2025,30/10/2025 10:38,"₹4,874.80",₹743.61,INR,036/2025/715,paid,Raw Materials,E-114 L. Meena,19/11/2025
INV-8012,V-055,PO-4148,03/03/2026,03/03/2026 14:32,"₹22,675.42","₹3,458.96",INR,055/2026/716,paid,Raw Materials,E-103 D. Lakshmi,23/03/2026
INV-8019,V-117,PO-4151,18/04/2025,18/04/2025 16:47,"₹29,182.87","₹4,451.62",INR,117/2025/717,paid,Logistics,E-114 L. Meena,08/05/2025
INV-8026,V-070,PO-4154,23/06/2026,23/06/2026 16:50,"₹86,018.64","₹13,121.49",INR,070/2026/718,paid,Office Supplies,E-105 A. Fathima,13/07/2026
INV-8033,V-105,PO-4157,25/03/2025,25/03/2025 17:12,"₹12,964.79","₹1,977.68",INR,105/2025/719,paid,Professional Services,E-115 C. Dinesh,14/04/2025
INV-8040,V-031,PO-4160,23/01/2026,23/01/2026 09:26,"₹1,15,601.68","₹17,634.15",INR,031/2026/720,paid,Office Supplies,E-101 S. Anitha,12/02/2026
INV-8047,V-053,PO-4163,06/06/2025,06/06/2025 14:17,"₹1,98,878.40","₹30,337.38",INR,053/2025/721,paid,Office Supplies,E-115 C. Dinesh,26/06/2025
INV-8054,V-092,PO-4166,05/02/2026,05/02/2026 14:50,"₹86,397.13","₹13,179.22",INR,092/2026/722,paid,Office Supplies,E-104 V. Sundaram,25/02/2026
INV-8061,V-013,PO-4169,04/08/2025,04/08/2025 15:43,"₹9,458.11","₹1,442.76",INR,013/2025/723,paid,Electricals,E-116 F. Nazreen,24/08/2025
INV-8068,V-086,PO-4172,13/05/2025,13/05/2025 17:31,"₹56,728.59","₹8,653.51",INR,086/2025/724,paid,IT Hardware,E-100 R. Muthukumar,02/06/2025
INV-8075,V-088,PO-4175,16/12/2025,16/12/2025 12:30,"₹55,070.37","₹8,400.56",INR,088/2025/725,paid,Raw Materials,E-116 F. Nazreen,05/01/2026
INV-8082,V-035,PO-4178,25/03/2025,25/03/2025 19:08,"₹3,10,781.32","₹47,407.32",INR,035/2025/726,paid,Electricals,E-111 B. Senthil,14/04/2025
INV-8089,V-091,PO-4181,21/05/2026,21/05/2026 11:13,"₹33,709.03","₹5,142.06",INR,091/2026/727,paid,Logistics,E-105 A. Fathima,10/06/2026
INV-8096,V-016,PO-4184,16/04/2026,16/04/2026 09:47,"₹1,66,014.01","₹25,324.17",INR,016/2026/728,paid,Office Supplies,E-105 A. Fathima,06/05/2026
INV-8103,V-097,PO-4187,14/11/2025,14/11/2025 17:43,"₹49,876.47","₹7,608.28",INR,097/2025/729,paid,Facilities,E-108 M. Sathish,04/12/2025
INV-8110,V-117,PO-4190,15/05/2026,15/05/2026 11:17,"₹6,833.00","₹1,042.32",INR,117/2026/730,paid,Electricals,E-112 G. Priya,04/06/2026
INV-8117,V-059,PO-4193,18/06/2026,18/06/2026 12:36,"₹1,46,441.79","₹22,338.58",INR,059/2026/731,paid,Electricals,E-111 B. Senthil,08/07/2026
INV-8124,V-006,PO-4196,07/10/2025,07/10/2025 19:52,"₹12,261.01","₹1,870.32",INR,006/2025/732,paid,Professional Services,E-103 D. Lakshmi,27/10/2025
INV-8131,V-010,PO-4199,23/07/2026,23/07/2026 14:54,"₹3,74,212.64","₹57,083.28",INR,010/2026/733,paid,Facilities,E-117 Q. Ravi,12/08/2026
INV-8138,V-015,PO-4202,21/05/2026,21/05/2026 16:48,"₹8,318.13","₹1,268.87",INR,015/2026/734,paid,Electricals,E-117 Q. Ravi,10/06/2026
INV-8145,V-006,PO-4205,22/04/2025,22/04/2025 16:38,"₹4,830.12",₹736.80,INR,006/2025/735,paid,Raw Materials,E-109 J. Kavitha,12/05/2025
INV-8152,V-077,PO-4208,09/02/2026,09/02/2026 17:46,"₹9,694.81","₹1,478.87",INR,077/2026/736,paid,Office Supplies,E-103 D. Lakshmi,01/03/2026
INV-8159,V-098,PO-4211,26/03/2026,26/03/2026 10:35,"₹26,307.80","₹4,013.05",INR,098/2026/737,paid,Logistics,E-112 G. Priya,15/04/2026
INV-8166,V-016,PO-4214,15/04/2025,15/04/2025 12:30,"₹1,10,522.17","₹16,859.31",INR,016/2025/738,paid,Electricals,E-117 Q. Ravi,05/05/2025
INV-8173,V-006,PO-4217,25/09/2025,25/09/2025 11:25,"₹48,368.67","₹7,378.27",INR,006/2025/739,paid,IT Hardware,E-104 V. Sundaram,15/10/2025
INV-8180,V-091,PO-4220,10/04/2025,10/04/2025 16:07,"₹1,94,821.49","₹29,718.53",INR,091/2025/740,paid,Office Supplies,E-100 R. Muthukumar,30/04/2025
INV-8187,V-080,PO-4223,14/04/2026,14/04/2026 19:47,"₹4,068.99",₹620.69,INR,080/2026/741,paid,Facilities,E-109 J. Kavitha,04/05/2026
INV-8194,V-086,PO-4226,30/09/2025,30/09/2025 11:53,"₹1,94,711.96","₹29,701.82",INR,086/2025/742,paid,Facilities,E-114 L. Meena,20/10/2025
INV-8201,V-110,PO-4229,05/08/2025,05/08/2025 15:54,"₹4,765.95",₹727.01,INR,110/2025/743,paid,Electricals,E-102 K. Prakash,25/08/2025
INV-8208,V-099,PO-4232,23/01/2026,23/01/2026 17:47,"₹22,934.50","₹3,498.48",INR,099/2026/744,paid,Packaging,E-110 T. Arulmozhi,12/02/2026
INV-8215,V-068,PO-4235,27/03/2025,27/03/2025 14:15,"₹3,26,261.64","₹49,768.72",INR,068/2025/745,paid,Packaging,E-117 Q. Ravi,16/04/2025
INV-8222,V-091,PO-4238,09/07/2025,09/07/2025 10:58,"₹5,72,908.82","₹87,392.87",INR,091/2025/746,paid,Office Supplies,E-108 M. Sathish,29/07/2025
INV-8229,V-039,PO-4241,03/04/2025,03/04/2025 17:44,"₹17,771.60","₹2,710.92",INR,039/2025/747,paid,Packaging,E-112 G. Priya,23/04/2025
INV-8236,V-069,PO-4244,25/06/2026,25/06/2026 16:10,"₹30,973.21","₹4,724.73",INR,069/2026/748,paid,Professional Services,E-106 P. Raghavan,15/07/2026
INV-8243,V-089,PO-4247,10/07/2025,10/07/2025 14:40,"₹63,418.91","₹9,674.07",INR,089/2025/749,paid,Packaging,E-106 P. Raghavan,30/07/2025
INV-8250,V-059,PO-4250,23/04/2025,23/04/2025 18:13,"₹33,305.98","₹5,080.57",INR,059/2025/750,paid,Logistics,E-115 C. Dinesh,13/05/2025
INV-8257,V-081,PO-4253,18/08/2025,18/08/2025 12:00,"₹4,000.78",₹610.29,INR,081/2025/751,paid,Electricals,E-102 K. Prakash,07/09/2025
INV-8264,V-078,PO-4256,24/04/2025,24/04/2025 18:32,"₹38,640.58","₹5,894.33",INR,078/2025/752,paid,Facilities,E-107 N. Devika,14/05/2025
INV-8271,V-083,PO-4259,03/07/2026,03/07/2026 16:58,"₹84,688.78","₹12,918.63",INR,083/2026/753,paid,Packaging,E-109 J. Kavitha,23/07/2026
INV-8278,V-101,PO-4262,12/12/2025,12/12/2025 09:32,"₹20,912.88","₹3,190.10",INR,101/2025/754,paid,Electricals,E-113 H. Vasanth,01/01/2026
INV-8285,V-096,PO-4265,09/03/2026,09/03/2026 15:10,"₹4,976.84",₹759.18,INR,096/2026/755,paid,Professional Services,E-112 G. Priya,29/03/2026
INV-8292,V-013,PO-4268,14/04/2026,14/04/2026 15:55,"₹10,607.29","₹1,618.06",INR,013/2026/756,paid,Office Supplies,E-101 S. Anitha,04/05/2026
INV-8299,V-030,PO-4271,11/12/2025,11/12/2025 11:36,"₹1,56,388.80","₹23,855.92",INR,030/2025/757,paid,Raw Materials,E-108 M. Sathish,31/12/2025
INV-8306,V-079,PO-4274,15/01/2026,15/01/2026 13:01,"₹8,917.21","₹1,360.25",INR,079/2026/758,paid,Electricals,E-114 L. Meena,04/02/2026
INV-8313,V-094,PO-4277,10/12/2025,10/12/2025 14:26,"₹1,25,038.83","₹19,073.72",INR,094/2025/759,paid,Electricals,E-117 Q. Ravi,30/12/2025
INV-8320,V-072,PO-4280,13/04/2026,13/04/2026 17:51,"₹1,63,311.07","₹24,911.86",INR,072/2026/760,paid,Professional Services,E-108 M. Sathish,03/05/2026
INV-8327,V-034,PO-4283,13/05/2026,13/05/2026 11:51,"₹4,321.23",₹659.17,INR,034/2026/761,paid,IT Hardware,E-117 Q. Ravi,02/06/2026
INV-8334,V-101,PO-4286,02/06/2026,02/06/2026 11:36,"₹84,839.84","₹12,941.67",INR,101/2026/762,paid,Raw Materials,E-103 D. Lakshmi,22/06/2026
INV-8341,V-001,PO-4289,05/12/2025,05/12/2025 19:51,"₹6,850.68","₹1,045.02",INR,001/2025/763,paid,Packaging,E-100 R. Muthukumar,25/12/2025
INV-8348,V-072,PO-4292,06/05/2025,06/05/2025 19:07,"₹13,396.27","₹2,043.50",INR,072/2025/764,paid,IT Hardware,E-108 M. Sathish,26/05/2025
INV-8355,V-026,PO-4295,20/02/2026,20/02/2026 09:17,"₹5,976.37",₹911.65,INR,026/2026/765,paid,Professional Services,E-111 B. Senthil,12/03/2026
INV-8362,V-060,PO-4298,15/04/2025,15/04/2025 15:52,"₹5,77,591.68","₹88,107.21",INR,060/2025/766,paid,IT Hardware,E-100 R. Muthukumar,05/05/2025
INV-8369,V-113,PO-4301,04/05/2026,04/05/2026 11:52,"₹13,764.47","₹2,099.66",INR,113/2026/767,paid,Electricals,E-110 T. Arulmozhi,24/05/2026
INV-8376,V-028,PO-4304,25/11/2025,25/11/2025 17:04,"₹1,98,261.43","₹30,243.27",INR,028/2025/768,paid,IT Hardware,E-112 G. Priya,15/12/2025
INV-8383,V-059,PO-4307,07/08/2026,07/08/2026 19:54,"₹4,670.94",₹712.52,INR,059/2026/769,paid,IT Hardware,E-108 M. Sathish,27/08/2026
INV-8390,V-072,PO-4310,04/11/2025,04/11/2025 14:40,"₹15,729.29","₹2,399.38",INR,072/2025/770,paid,Raw Materials,E-111 B. Senthil,24/11/2025
INV-8397,V-101,PO-4313,30/06/2026,30/06/2026 13:15,"₹3,58,869.83","₹54,742.86",INR,101/2026/771,paid,Logistics,E-101 S. Anitha,20/07/2026
INV-8404,V-014,PO-4316,01/05/2025,01/05/2025 15:53,"₹63,232.40","₹9,645.62",INR,014/2025/772,paid,Office Supplies,E-105 A. Fathima,21/05/2025
INV-8411,V-016,PO-4319,19/06/2025,19/06/2025 17:24,"₹74,101.06","₹11,303.55",INR,016/2025/773,paid,IT Hardware,E-104 V. Sundaram,09/07/2025
INV-8418,V-072,PO-4322,28/10/2025,28/10/2025 10:53,"₹14,729.13","₹2,246.82",INR,072/2025/774,paid,Facilities,E-110 T. Arulmozhi,17/11/2025
INV-8425,V-007,PO-4325,27/01/2026,27/01/2026 18:27,"₹13,507.50","₹2,060.47",INR,007/2026/775,paid,IT Hardware,E-107 N. Devika,16/02/2026
INV-8432,V-046,PO-4328,20/02/2026,20/02/2026 12:47,"₹3,35,783.43","₹51,221.20",INR,046/2026/776,paid,Facilities,E-108 M. Sathish,12/03/2026
INV-8439,V-022,PO-4331,24/10/2025,24/10/2025 19:56,"₹3,71,083.00","₹56,605.88",INR,022/2025/777,paid,IT Hardware,E-114 L. Meena,13/11/2025
INV-8446,V-027,PO-4334,20/08/2026,20/08/2026 09:28,"₹11,346.82","₹1,730.87",INR,027/2026/778,paid,Logistics,E-107 N. Devika,09/09/2026
INV-8453,V-043,PO-4337,18/08/2025,18/08/2025 10:19,"₹2,27,051.01","₹34,634.90",INR,043/2025/779,paid,Packaging,E-100 R. Muthukumar,07/09/2025
INV-8460,V-007,PO-4340,20/04/2026,20/04/2026 09:26,"₹1,62,996.95","₹24,863.94",INR,007/2026/780,paid,Facilities,E-115 C. Dinesh,10/05/2026
INV-8467,V-033,PO-4343,19/08/2025,19/08/2025 12:37,"₹19,854.63","₹3,028.67",INR,033/2025/781,paid,Electricals,E-105 A. Fathima,08/09/2025
INV-8474,V-041,PO-4346,01/04/2025,01/04/2025 12:06,"₹15,687.92","₹2,393.07",INR,041/2025/782,paid,Facilities,E-100 R. Muthukumar,21/04/2025
INV-8481,V-001,PO-4349,24/06/2026,24/06/2026 14:51,"₹69,861.62","₹10,656.86",INR,001/2026/783,paid,Raw Materials,E-106 P. Raghavan,14/07/2026
INV-8488,V-020,PO-4352,29/12/2025,29/12/2025 10:04,"₹7,040.08","₹1,073.91",INR,020/2025/784,paid,Facilities,E-109 J. Kavitha,18/01/2026
INV-8495,V-083,PO-4355,27/04/2026,27/04/2026 11:26,"₹28,991.77","₹4,422.47",INR,083/2026/785,paid,Facilities,E-117 Q. Ravi,17/05/2026
INV-8502,V-117,PO-4358,05/03/2026,05/03/2026 16:59,"₹81,406.51","₹12,417.94",INR,117/2026/786,paid,Office Supplies,E-112 G. Priya,25/03/2026
INV-8509,V-087,PO-4361,25/03/2026,25/03/2026 19:31,"₹79,029.58","₹12,055.36",INR,087/2026/787,paid,Packaging,E-107 N. Devika,14/04/2026
INV-8516,V-039,PO-4364,15/05/2026,15/05/2026 13:59,"₹5,14,605.89","₹78,499.20",INR,039/2026/788,paid,Facilities,E-107 N. Devika,04/06/2026
INV-8523,V-048,PO-4367,02/03/2026,02/03/2026 19:34,"₹16,382.82","₹2,499.07",INR,048/2026/789,paid,Electricals,E-116 F. Nazreen,22/03/2026
INV-8530,V-035,PO-4370,17/07/2026,17/07/2026 11:03,"₹2,19,792.36","₹33,527.65",INR,035/2026/790,paid,Logistics,E-106 P. Raghavan,06/08/2026
INV-8537,V-069,PO-4373,17/08/2025,17/08/2025 15:32,"₹1,04,833.70","₹15,991.58",INR,069/2025/791,paid,Electricals,E-111 B. Senthil,06/09/2025
INV-8544,V-039,PO-4376,01/12/2025,01/12/2025 13:54,"₹51,767.79","₹7,896.78",INR,039/2025/792,paid,Office Supplies,E-116 F. Nazreen,21/12/2025
INV-8551,V-059,PO-4379,08/08/2025,08/08/2025 14:18,"₹4,80,488.12","₹73,294.80",INR,059/2025/793,paid,Electricals,E-111 B. Senthil,28/08/2025
INV-8558,V-051,PO-4382,13/10/2025,13/10/2025 15:25,"₹83,901.01","₹12,798.46",INR,051/2025/794,paid,Packaging,E-101 S. Anitha,02/11/2025
INV-8565,V-067,PO-4385,27/08/2025,27/08/2025 10:27,"₹78,253.56","₹11,936.98",INR,067/2025/795,paid,Office Supplies,E-103 D. Lakshmi,16/09/2025
INV-8572,V-108,PO-4388,19/03/2025,19/03/2025 15:09,"₹46,969.16","₹7,164.79",INR,108/2025/796,paid,Office Supplies,E-116 F. Nazreen,08/04/2025
INV-8579,V-099,PO-4391,19/08/2025,19/08/2025 18:45,"₹11,273.57","₹1,719.70",INR,099/2025/797,paid,Facilities,E-106 P. Raghavan,08/09/2025
INV-8586,V-102,PO-4394,26/05/2026,26/05/2026 17:54,"₹3,28,997.94","₹50,186.13",INR,102/2026/798,paid,Electricals,E-102 K. Prakash,15/06/2026
INV-8593,V-088,PO-4397,05/09/2025,05/09/2025 18:43,"₹36,719.45","₹5,601.27",INR,088/2025/799,paid,IT Hardware,E-106 P. Raghavan,25/09/2025
INV-8600,V-012,PO-4400,04/02/2026,04/02/2026 16:53,"₹28,044.94","₹4,278.04",INR,012/2026/800,paid,IT Hardware,E-115 C. Dinesh,24/02/2026
INV-8607,V-084,PO-4403,24/07/2026,24/07/2026 12:36,"₹67,751.85","₹10,335.03",INR,084/2026/801,paid,IT Hardware,E-107 N. Devika,13/08/2026
INV-8614,V-105,PO-4406,23/10/2025,23/10/2025 12:05,"₹66,464.52","₹10,138.66",INR,105/2025/802,paid,Office Supplies,E-107 N. Devika,12/11/2025
INV-8621,V-055,PO-4409,08/10/2025,08/10/2025 10:21,"₹10,754.57","₹1,640.53",INR,055/2025/803,paid,IT Hardware,E-102 K. Prakash,28/10/2025
INV-8628,V-102,PO-4412,26/06/2025,26/06/2025 18:20,"₹32,649.18","₹4,980.38",INR,102/2025/804,paid,Facilities,E-106 P. Raghavan,16/07/2025
INV-8635,V-072,PO-4415,02/04/2026,02/04/2026 18:58,"₹2,07,725.93","₹31,687.01",INR,072/2026/805,paid,IT Hardware,E-115 C. Dinesh,22/04/2026
INV-8642,V-001,PO-4418,15/05/2026,15/05/2026 14:18,"₹14,571.53","₹2,222.78",INR,001/2026/806,paid,Facilities,E-102 K. Prakash,04/06/2026
INV-8649,V-087,PO-4421,20/05/2026,20/05/2026 09:08,"₹2,07,288.16","₹31,620.23",INR,087/2026/807,paid,Facilities,E-104 V. Sundaram,09/06/2026
INV-8656,V-005,PO-4424,08/05/2025,08/05/2025 14:13,"₹13,192.45","₹2,012.41",INR,005/2025/808,paid,IT Hardware,E-117 Q. Ravi,28/05/2025
INV-8663,V-023,PO-4427,17/04/2025,17/04/2025 11:52,"₹4,84,073.83","₹73,841.77",INR,023/2025/809,paid,Packaging,E-112 G. Priya,07/05/2025
INV-8670,V-084,PO-4430,16/02/2026,16/02/2026 18:26,"₹49,950.11","₹7,619.51",INR,084/2026/810,paid,Electricals,E-102 K. Prakash,08/03/2026
INV-8677,V-077,PO-4433,06/01/2026,06/01/2026 17:58,"₹6,950.07","₹1,060.18",INR,077/2026/811,paid,IT Hardware,E-111 B. Senthil,26/01/2026
INV-8684,V-102,PO-4436,10/07/2026,10/07/2026 09:50,"₹4,69,005.14","₹71,543.16",INR,102/2026/812,paid,Facilities,E-108 M. Sathish,30/07/2026
INV-8691,V-057,PO-4439,24/03/2025,24/03/2025 10:03,"₹10,899.41","₹1,662.62",INR,057/2025/813,paid,IT Hardware,E-110 T. Arulmozhi,13/04/2025
INV-8698,V-111,PO-4442,25/05/2026,25/05/2026 09:03,"₹2,37,352.86","₹36,206.37",INR,111/2026/814,paid,Raw Materials,E-114 L. Meena,14/06/2026
INV-8705,V-015,PO-4445,21/11/2025,21/11/2025 14:54,"₹41,593.57","₹6,344.78",INR,015/2025/815,paid,Facilities,E-113 H. Vasanth,11/12/2025
INV-8712,V-089,PO-4448,03/07/2025,03/07/2025 13:00,"₹1,66,580.51","₹25,410.59",INR,089/2025/816,paid,Packaging,E-101 S. Anitha,23/07/2025
INV-8719,V-084,PO-4451,23/07/2025,23/07/2025 18:56,"₹7,013.53","₹1,069.86",INR,084/2025/817,paid,IT Hardware,E-109 J. Kavitha,12/08/2025
INV-8726,V-018,PO-4454,23/02/2026,23/02/2026 19:46,"₹67,811.45","₹10,344.12",INR,018/2026/818,paid,Electricals,E-107 N. Devika,15/03/2026
INV-8733,V-016,PO-4457,12/01/2026,12/01/2026 13:26,"₹9,783.51","₹1,492.40",INR,016/2026/819,paid,IT Hardware,E-111 B. Senthil,01/02/2026
INV-8740,V-019,PO-4460,26/06/2026,26/06/2026 17:39,"₹1,40,931.26","₹21,497.99",INR,019/2026/820,paid,Raw Materials,E-102 K. Prakash,16/07/2026
INV-8747,V-039,PO-4463,19/08/2026,19/08/2026 14:43,"₹26,334.63","₹4,017.15",INR,039/2026/821,paid,Logistics,E-102 K. Prakash,08/09/2026
INV-8754,V-091,PO-4466,23/12/2025,23/12/2025 19:51,"₹14,076.16","₹2,147.21",INR,091/2025/822,paid,Professional Services,E-117 Q. Ravi,12/01/2026
INV-8761,V-084,PO-4469,02/05/2025,02/05/2025 17:47,"₹5,58,983.80","₹85,268.72",INR,084/2025/823,paid,Professional Services,E-104 V. Sundaram,22/05/2025
INV-8768,V-038,PO-4472,10/07/2026,10/07/2026 13:54,"₹4,484.84",₹684.13,INR,038/2026/824,paid,Professional Services,E-113 H. Vasanth,30/07/2026
INV-8775,V-054,PO-4475,01/01/2026,01/01/2026 18:59,"₹1,02,756.05","₹15,674.65",INR,054/2026/825,paid,IT Hardware,E-111 B. Senthil,21/01/2026
INV-8782,V-067,PO-4478,09/06/2026,09/06/2026 19:44,"₹3,63,127.44","₹55,392.32",INR,067/2026/826,paid,Facilities,E-105 A. Fathima,29/06/2026
INV-8789,V-045,PO-4481,27/11/2025,27/11/2025 16:02,"₹16,669.30","₹2,542.77",INR,045/2025/827,paid,Logistics,E-113 H. Vasanth,17/12/2025
INV-8796,V-003,PO-4484,11/09/2025,11/09/2025 15:18,"₹5,498.26",₹838.72,INR,003/2025/828,paid,Professional Services,E-100 R. Muthukumar,01/10/2025
INV-8803,V-023,PO-4487,05/02/2026,05/02/2026 13:26,"₹24,943.28","₹3,804.91",INR,023/2026/829,paid,Packaging,E-112 G. Priya,25/02/2026
INV-8810,V-080,PO-4490,23/01/2026,23/01/2026 11:14,"₹1,70,187.82","₹25,960.85",INR,080/2026/830,paid,Professional Services,E-106 P. Raghavan,12/02/2026
INV-8817,V-039,PO-4493,14/03/2025,14/03/2025 09:20,"₹23,275.23","₹3,550.46",INR,039/2025/831,paid,Packaging,E-116 F. Nazreen,03/04/2025
INV-8824,V-063,PO-4496,04/03/2025,04/03/2025 10:27,"₹2,38,960.87","₹36,451.66",INR,063/2025/832,paid,Office Supplies,E-112 G. Priya,24/03/2025
INV-8831,V-117,PO-4499,07/08/2025,07/08/2025 10:58,"₹2,96,762.12","₹45,268.80",INR,117/2025/833,paid,Facilities,E-108 M. Sathish,27/08/2025
INV-8838,V-071,PO-4502,25/03/2025,25/03/2025 13:05,"₹41,294.79","₹6,299.21",INR,071/2025/834,paid,IT Hardware,E-111 B. Senthil,14/04/2025
INV-8845,V-031,PO-4505,09/07/2026,09/07/2026 12:56,"₹30,657.46","₹4,676.56",INR,031/2026/835,paid,Electricals,E-102 K. Prakash,29/07/2026
INV-8852,V-075,PO-4508,29/10/2025,29/10/2025 09:56,"₹3,77,194.66","₹57,538.17",INR,075/2025/836,paid,Packaging,E-108 M. Sathish,18/11/2025
INV-8859,V-117,PO-4511,03/09/2025,03/09/2025 12:04,"₹2,41,292.32","₹36,807.30",INR,117/2025/837,paid,Electricals,E-101 S. Anitha,23/09/2025
INV-8866,V-099,PO-4514,10/08/2026,10/08/2026 13:37,"₹18,014.01","₹2,747.90",INR,099/2026/838,paid,Packaging,E-108 M. Sathish,30/08/2026
INV-8873,V-090,PO-4517,20/05/2026,20/05/2026 12:55,"₹3,62,048.85","₹55,227.79",INR,090/2026/839,paid,Packaging,E-101 S. Anitha,09/06/2026
INV-8880,V-064,PO-4520,27/02/2026,27/02/2026 16:03,"₹6,790.49","₹1,035.84",INR,064/2026/840,paid,Logistics,E-115 C. Dinesh,19/03/2026
INV-8887,V-092,PO-4523,23/06/2025,23/06/2025 13:31,"₹22,363.37","₹3,411.36",INR,092/2025/841,paid,Office Supplies,E-106 P. Raghavan,13/07/2025
INV-8894,V-110,PO-4526,02/08/2025,02/08/2025 12:38,"₹46,181.43","₹7,044.62",INR,110/2025/842,paid,Office Supplies,E-115 C. Dinesh,22/08/2025
INV-8901,V-045,PO-4529,25/04/2025,25/04/2025 18:02,"₹23,928.69","₹3,650.14",INR,045/2025/843,paid,Packaging,E-102 K. Prakash,15/05/2025
INV-8908,V-037,PO-4532,11/04/2025,11/04/2025 17:11,"₹12,449.80","₹1,899.12",INR,037/2025/844,paid,Office Supplies,E-103 D. Lakshmi,01/05/2025
INV-8915,V-047,PO-4535,16/02/2026,16/02/2026 11:03,"₹5,935.26",₹905.38,INR,047/2026/845,paid,Facilities,E-111 B. Senthil,08/03/2026
INV-8922,V-083,PO-4538,17/06/2026,17/06/2026 11:14,"₹2,71,465.62","₹41,410.01",INR,083/2026/846,paid,Professional Services,E-103 D. Lakshmi,07/07/2026
INV-8929,V-069,PO-4541,17/07/2026,17/07/2026 13:04,"₹69,458.10","₹10,595.30",INR,069/2026/847,paid,Logistics,E-117 Q. Ravi,06/08/2026
INV-8936,V-062,PO-4544,02/12/2025,02/12/2025 12:14,"₹16,089.07","₹2,454.26",INR,062/2025/848,paid,Office Supplies,E-110 T. Arulmozhi,22/12/2025
INV-8943,V-102,PO-4547,12/06/2026,12/06/2026 19:52,"₹58,848.21","₹8,976.85",INR,102/2026/849,paid,Logistics,E-110 T. Arulmozhi,02/07/2026
INV-8950,V-040,PO-4550,08/07/2026,08/07/2026 15:05,"₹5,689.86",₹867.94,INR,040/2026/850,paid,Raw Materials,E-115 C. Dinesh,28/07/2026
INV-8957,V-081,PO-4553,04/02/2026,04/02/2026 15:52,"₹1,82,576.51","₹27,850.65",INR,081/2026/851,paid,Office Supplies,E-100 R. Muthukumar,24/02/2026
INV-8964,V-087,PO-4556,21/10/2025,21/10/2025 15:56,"₹3,19,194.67","₹48,690.71",INR,087/2025/852,paid,Professional Services,E-111 B. Senthil,10/11/2025
INV-8971,V-031,PO-4559,18/12/2025,18/12/2025 09:20,"₹36,890.24","₹5,627.32",INR,031/2025/853,paid,Logistics,E-109 J. Kavitha,07/01/2026
INV-8978,V-047,PO-4562,17/10/2025,17/10/2025 15:38,"₹55,752.40","₹8,504.60",INR,047/2025/854,paid,Logistics,E-113 H. Vasanth,06/11/2025
INV-8985,V-010,PO-4565,08/08/2025,08/08/2025 18:07,"₹12,516.32","₹1,909.27",INR,010/2025/855,paid,Logistics,E-111 B. Senthil,28/08/2025
INV-8992,V-066,PO-4568,23/04/2025,23/04/2025 14:41,"₹4,676.16",₹713.31,INR,066/2025/856,paid,Electricals,E-116 F. Nazreen,13/05/2025
INV-8999,V-001,PO-4571,09/06/2026,09/06/2026 15:20,"₹6,940.29","₹1,058.69",INR,001/2026/857,paid,Office Supplies,E-113 H. Vasanth,29/06/2026
INV-9006,V-105,PO-4574,24/10/2025,24/10/2025 17:56,"₹4,59,211.23","₹70,049.17",INR,105/2025/858,paid,Electricals,E-115 C. Dinesh,13/11/2025
INV-9013,V-118,PO-4577,20/06/2025,20/06/2025 09:30,"₹17,638.34","₹2,690.59",INR,118/2025/859,paid,Logistics,E-106 P. Raghavan,10/07/2025
INV-9020,V-106,PO-4580,04/08/2026,04/08/2026 16:24,"₹2,81,067.72","₹42,874.74",INR,106/2026/860,paid,Electricals,E-115 C. Dinesh,24/08/2026
INV-9027,V-060,PO-4583,13/12/2025,13/12/2025 10:40,"₹25,519.28","₹3,892.77",INR,060/2025/861,paid,Packaging,E-107 N. Devika,02/01/2026
INV-9034,V-054,PO-4586,14/04/2026,14/04/2026 17:14,"₹1,10,467.86","₹16,851.03",INR,054/2026/862,paid,Logistics,E-112 G. Priya,04/05/2026
INV-9041,V-058,PO-4589,10/04/2025,10/04/2025 19:36,"₹31,700.94","₹4,835.74",INR,058/2025/863,paid,Office Supplies,E-102 K. Prakash,30/04/2025
INV-9048,V-035,PO-4592,18/06/2025,18/06/2025 13:44,"₹66,427.59","₹10,133.02",INR,035/2025/864,paid,Packaging,E-114 L. Meena,08/07/2025
INV-9055,V-030,PO-4595,27/05/2025,27/05/2025 16:15,"₹12,769.16","₹1,947.84",INR,030/2025/865,paid,Office Supplies,E-117 Q. Ravi,16/06/2025
INV-9062,V-013,PO-4598,25/03/2026,25/03/2026 19:33,"₹4,776.95",₹728.69,INR,013/2026/866,paid,Raw Materials,E-106 P. Raghavan,14/04/2026
INV-9069,V-088,PO-4601,20/03/2025,20/03/2025 15:13,"₹5,513.00",₹840.97,INR,088/2025/867,paid,Electricals,E-106 P. Raghavan,09/04/2025
INV-9076,V-079,PO-4604,17/06/2025,17/06/2025 16:35,"₹6,498.24",₹991.26,INR,079/2025/868,paid,Facilities,E-116 F. Nazreen,07/07/2025
INV-9083,V-102,PO-4607,17/03/2026,17/03/2026 10:32,"₹29,520.05","₹4,503.06",INR,102/2026/869,paid,Professional Services,E-112 G. Priya,06/04/2026
INV-9090,V-027,PO-4610,04/11/2025,04/11/2025 11:04,"₹88,651.22","₹13,523.07",INR,027/2025/870,paid,Packaging,E-113 H. Vasanth,24/11/2025
INV-9097,V-007,PO-4613,05/09/2025,05/09/2025 19:25,"₹2,32,250.35","₹35,428.02",INR,007/2025/871,paid,Raw Materials,E-112 G. Priya,25/09/2025
INV-9104,V-094,PO-4616,17/11/2025,17/11/2025 17:02,"₹3,04,450.18","₹46,441.55",INR,094/2025/872,paid,Raw Materials,E-105 A. Fathima,07/12/2025
INV-9111,V-041,PO-4619,28/04/2026,28/04/2026 10:18,"₹16,893.99","₹2,577.05",INR,041/2026/873,paid,Electricals,E-116 F. Nazreen,18/05/2026
INV-9118,V-028,PO-4622,22/10/2025,22/10/2025 10:41,"₹98,969.24","₹15,097.00",INR,028/2025/874,paid,Facilities,E-116 F. Nazreen,11/11/2025
INV-9125,V-099,PO-4625,20/07/2026,20/07/2026 13:45,"₹3,04,266.85","₹46,413.59",INR,099/2026/875,paid,Raw Materials,E-113 H. Vasanth,09/08/2026
INV-9132,V-028,PO-4628,25/03/2025,25/03/2025 18:48,"₹2,39,296.65","₹36,502.88",INR,028/2025/876,paid,Professional Services,E-113 H. Vasanth,14/04/2025
INV-9139,V-046,PO-4631,15/12/2025,15/12/2025 15:07,"₹3,48,199.89","₹53,115.24",INR,046/2025/877,paid,Facilities,E-113 H. Vasanth,04/01/2026
INV-9146,V-003,PO-4634,22/09/2025,22/09/2025 18:41,"₹57,617.62","₹8,789.13",INR,003/2025/878,paid,IT Hardware,E-102 K. Prakash,12/10/2025
INV-9153,V-001,PO-4637,27/07/2026,27/07/2026 09:14,"₹29,684.29","₹4,528.11",INR,001/2026/879,paid,Packaging,E-104 V. Sundaram,16/08/2026
INV-9160,V-012,PO-4640,01/09/2025,01/09/2025 10:47,"₹2,71,054.95","₹41,347.37",INR,012/2025/880,paid,Packaging,E-103 D. Lakshmi,21/09/2025
INV-9167,V-010,PO-4643,14/07/2025,14/07/2025 12:38,"₹9,318.98","₹1,421.54",INR,010/2025/881,paid,Office Supplies,E-112 G. Priya,03/08/2025
INV-9174,V-099,PO-4646,12/05/2025,12/05/2025 19:26,"₹64,551.95","₹9,846.91",INR,099/2025/882,paid,Logistics,E-109 J. Kavitha,01/06/2025
INV-9181,V-084,PO-4649,30/04/2025,30/04/2025 11:18,"₹74,121.77","₹11,306.71",INR,084/2025/883,paid,Professional Services,E-109 J. Kavitha,20/05/2025
INV-9188,V-099,PO-4652,27/06/2025,27/06/2025 19:40,"₹4,51,490.65","₹68,871.46",INR,099/2025/884,paid,Facilities,E-110 T. Arulmozhi,17/07/2025
INV-9195,V-035,PO-4655,04/04/2025,04/04/2025 18:33,"₹3,86,366.55","₹58,937.27",INR,035/2025/885,paid,Electricals,E-100 R. Muthukumar,24/04/2025
INV-9202,V-093,PO-4658,27/06/2025,27/06/2025 11:37,"₹5,030.90",₹767.43,INR,093/2025/886,paid,Professional Services,E-111 B. Senthil,17/07/2025
INV-9209,V-044,PO-4661,26/03/2026,26/03/2026 11:04,"₹41,226.05","₹6,288.72",INR,044/2026/887,paid,Professional Services,E-116 F. Nazreen,15/04/2026
INV-9216,V-049,PO-4664,17/03/2026,17/03/2026 14:24,"₹7,969.94","₹1,215.75",INR,049/2026/888,paid,Professional Services,E-114 L. Meena,06/04/2026
INV-9223,V-076,PO-4667,24/06/2025,24/06/2025 15:27,"₹19,858.61","₹3,029.28",INR,076/2025/889,paid,Professional Services,E-105 A. Fathima,14/07/2025
INV-9230,V-061,PO-4670,20/04/2026,20/04/2026 18:51,"₹29,243.52","₹4,460.88",INR,061/2026/890,paid,IT Hardware,E-112 G. Priya,10/05/2026
INV-9237,V-038,PO-4673,26/03/2025,26/03/2025 16:28,"₹2,55,055.33","₹38,906.75",INR,038/2025/891,paid,Packaging,E-111 B. Senthil,15/04/2025
INV-9244,V-006,PO-4676,08/07/2025,08/07/2025 11:45,"₹6,099.99",₹930.51,INR,006/2025/892,paid,IT Hardware,E-115 C. Dinesh,28/07/2025
INV-9251,V-005,PO-4679,25/08/2025,25/08/2025 11:40,"₹27,573.71","₹4,206.16",INR,005/2025/893,paid,Electricals,E-113 H. Vasanth,14/09/2025
INV-9258,V-003,PO-4682,07/07/2026,07/07/2026 18:22,"₹37,266.63","₹5,684.74",INR,003/2026/894,paid,Raw Materials,E-107 N. Devika,27/07/2026
INV-9265,V-072,PO-4685,21/04/2025,21/04/2025 18:18,"₹2,38,805.35","₹36,427.93",INR,072/2025/895,paid,Raw Materials,E-112 G. Priya,11/05/2025
INV-9272,V-084,PO-4688,29/01/2026,29/01/2026 15:51,"₹3,26,334.56","₹49,779.85",INR,084/2026/896,paid,Electricals,E-110 T. Arulmozhi,18/02/2026
INV-9279,V-032,PO-4691,09/09/2025,09/09/2025 17:30,"₹8,538.95","₹1,302.55",INR,032/2025/897,paid,Facilities,E-110 T. Arulmozhi,29/09/2025
INV-9286,V-118,PO-4694,20/10/2025,20/10/2025 17:09,"₹30,197.96","₹4,606.47",INR,118/2025/898,paid,Facilities,E-112 G. Priya,09/11/2025
INV-9293,V-018,PO-4697,19/12/2025,19/12/2025 11:34,"₹11,720.57","₹1,787.88",INR,018/2025/899,paid,Packaging,E-105 A. Fathima,08/01/2026
INV-9300,V-024,PO-4700,05/03/2025,05/03/2025 15:20,"₹5,26,243.86","₹80,274.49",INR,024/2025/900,paid,IT Hardware,E-113 H. Vasanth,25/03/2025
INV-9307,V-056,,19/08/2026,19/08/2026 10:45,"₹1,78,056.14","₹27,161.11",INR,056/2026/901,paid,IT Hardware,E-110 T. Arulmozhi,08/09/2026
INV-9314,V-056,,21/08/2026,21/08/2026 14:31,"₹1,78,056.14","₹27,161.11",INR,056/2026/902,paid,Facilities,E-110 T. Arulmozhi,10/09/2026
INV-9321,V-055,,18/08/2025,18/08/2025 09:09,"₹2,33,882.97","₹35,677.06",INR,055/2025/903,paid,Office Supplies,E-109 J. Kavitha,07/09/2025
INV-9328,V-055,,20/08/2025,20/08/2025 10:26,"₹2,33,882.97","₹35,677.06",INR,055/2025/904,paid,IT Hardware,E-106 P. Raghavan,09/09/2025
INV-9335,V-032,,20/05/2025,20/05/2025 12:41,"₹1,92,340.39","₹29,340.06",INR,INV-1963,paid,Logistics,E-108 M. Sathish,09/06/2025
INV-9342,V-032,,16/06/2025,16/06/2025 14:25,"₹1,92,340.39","₹29,340.06",INR,INV-I963,paid,Electricals,E-104 V. Sundaram,06/07/2025
INV-9349,V-061,,01/05/2025,01/05/2025 16:25,"₹66,895.16","₹10,204.35",INR,INV-1381,paid,Raw Materials,E-101 S. Anitha,21/05/2025
INV-9356,V-061,,11/07/2025,11/07/2025 15:30,"₹66,895.16","₹10,204.35",INR,INV-I381,paid,Raw Materials,E-109 J. Kavitha,31/07/2025
INV-9363,V-106,,28/07/2025,28/07/2025 12:53,"₹1,12,216.81","₹17,117.82",INR,EX-35843,paid,Packaging,E-109 J. Kavitha,17/08/2025
INV-9370,V-106,,29/07/2025,29/07/2025 16:15,"₹1,12,216.81","₹17,117.82",INR,EX-35843,paid,Facilities,E-102 K. Prakash,18/08/2025
INV-9377,V-021,,15/10/2025,15/10/2025 12:31,"₹1,48,761.91","₹22,692.49",INR,EX-12718,paid,Logistics,E-116 F. Nazreen,04/11/2025
INV-9384,V-021,,16/10/2025,16/10/2025 17:38,"₹1,48,761.91","₹22,692.49",INR,EX-12718,paid,Logistics,E-107 N. Devika,05/11/2025
INV-9391,V-001,,09/06/2025,09/06/2025 18:22,"₹1,22,165.67","₹18,635.44",INR,001/2025/913,paid,Raw Materials,E-107 N. Devika,29/06/2025
INV-9398,V-A01,,19/06/2025,19/06/2025 10:52,"₹1,22,165.67","₹18,635.44",INR,A01/2025/914,paid,Raw Materials,E-109 J. Kavitha,09/07/2025
INV-9405,V-008,,09/12/2025,09/12/2025 09:39,"₹1,02,533.37","₹15,640.68",INR,008/2025/915,paid,Facilities,E-102 K. Prakash,29/12/2025
INV-9412,V-A02,,18/12/2025,18/12/2025 15:54,"₹1,02,533.37","₹15,640.68",INR,A02/2025/916,paid,Raw Materials,E-113 H. Vasanth,07/01/2026
INV-9419,V-086,,29/08/2025,29/08/2025 17:39,"₹1,30,50,000.00","₹19,90,677.97",INR,086/2025/917,paid,Facilities,E-107 N. Devika,18/09/2025
INV-9426,V-022,,25/03/2026,25/03/2026 10:31,"₹27,900.00","₹4,255.93",INR,022/2026/918,paid,Facilities,E-104 V. Sundaram,14/04/2026
INV-9433,V-C00,,21/03/2025,21/03/2025 16:29,"₹7,680.00","₹1,171.53",INR,C00/2025/919,paid,IT Hardware,E-110 T. Arulmozhi,10/04/2025
INV-9440,V-C00,,20/06/2025,20/06/2025 11:59,"₹8,140.80","₹1,241.82",INR,C00/2025/920,paid,IT Hardware,E-104 V. Sundaram,10/07/2025
INV-9447,V-C00,,19/09/2025,19/09/2025 18:39,"₹8,629.25","₹1,316.33",INR,C00/2025/921,paid,IT Hardware,E-115 C. Dinesh,09/10/2025
INV-9454,V-C00,,19/12/2025,19/12/2025 11:06,"₹9,147.00","₹1,395.31",INR,C00/2025/922,paid,Electricals,E-107 N. Devika,08/01/2026
INV-9461,V-C00,,20/03/2026,20/03/2026 12:26,"₹9,695.82","₹1,479.02",INR,C00/2026/923,paid,Electricals,E-115 C. Dinesh,09/04/2026
INV-9468,V-C00,,19/06/2026,19/06/2026 16:55,"₹10,277.57","₹1,567.77",INR,C00/2026/924,paid,Facilities,E-111 B. Senthil,09/07/2026
INV-9475,V-C01,,21/03/2025,21/03/2025 15:04,"₹3,67,200.00","₹56,013.56",INR,C01/2025/925,paid,Logistics,E-117 Q. Ravi,10/04/2025
INV-9482,V-C01,,20/06/2025,20/06/2025 11:26,"₹3,89,232.00","₹59,374.37",INR,C01/2025/926,paid,IT Hardware,E-112 G. Priya,10/07/2025
INV-9489,V-C01,,19/09/2025,19/09/2025 14:01,"₹4,12,585.92","₹62,936.84",INR,C01/2025/927,paid,Raw Materials,E-111 B. Senthil,09/10/2025
INV-9496,V-C01,,19/12/2025,19/12/2025 18:09,"₹4,37,341.08","₹66,713.05",INR,C01/2025/928,paid,Raw Materials,E-113 H. Vasanth,08/01/2026
INV-9503,V-C01,,20/03/2026,20/03/2026 13:01,"₹4,63,581.54","₹70,715.83",INR,C01/2026/929,paid,Raw Materials,E-105 A. Fathima,09/04/2026
INV-9510,V-C01,,19/06/2026,19/06/2026 17:48,"₹4,91,396.43","₹74,958.78",INR,C01/2026/930,paid,Packaging,E-101 S. Anitha,09/07/2026
INV-9517,V-R00,,14/05/2025,14/05/2025 13:01,"₹2,71,436.93","₹41,405.63",INR,R00/2025/931,paid,Facilities,E-115 C. Dinesh,03/06/2025
INV-9524,V-R01,,20/05/2025,20/05/2025 10:41,"₹3,85,675.65","₹58,831.88",INR,R01/2025/932,paid,Packaging,E-117 Q. Ravi,09/06/2025
INV-9531,V-R02,,09/05/2025,09/05/2025 15:41,"₹2,40,325.15","₹36,659.77",INR,R02/2025/933,paid,Raw Materials,E-113 H. Vasanth,29/05/2025
INV-9538,V-R10,,10/07/2026,10/07/2026 17:39,"₹65,482.45","₹9,988.85",INR,R10/2026/934,paid,Office Supplies,E-108 M. Sathish,30/07/2026
INV-9545,V-R11,,22/05/2026,22/05/2026 19:18,"₹2,80,526.78","₹42,792.22",INR,R11/2026/935,paid,Raw Materials,E-107 N. Devika,11/06/2026
INV-9552,V-R12,,25/02/2026,25/02/2026 16:51,"₹1,65,917.26","₹25,309.41",INR,R12/2026/936,paid,IT Hardware,E-113 H. Vasanth,17/03/2026
INV-9559,V-R20,,03/03/2025,03/03/2025 17:47,"₹3,73,067.46","₹56,908.60",INR,R20/2025/937,paid,Raw Materials,E-114 L. Meena,23/03/2025
INV-9566,V-R21,,15/12/2025,15/12/2025 14:16,"₹2,06,228.21","₹31,458.54",INR,R21/2025/938,paid,Packaging,E-115 C. Dinesh,04/01/2026
INV-9573,V-R22,,05/12/2025,05/12/2025 15:49,"₹3,88,485.53","₹59,260.50",INR,R22/2025/939,paid,Raw Materials,E-109 J. Kavitha,25/12/2025
INV-9580,V-E00,,25/06/2026,25/06/2026 18:14,"₹3,23,907.79","₹49,409.66",INR,E00/2026/940,paid,Raw Materials,E-102 K. Prakash,15/07/2026
INV-9587,V-E01,,27/03/2025,27/03/2025 09:53,"₹2,26,534.71","₹34,556.14",INR,E01/2025/941,paid,Office Supplies,E-107 N. Devika,16/04/2025
INV-9594,V-E02,,27/05/2025,27/05/2025 09:05,"₹2,15,787.35","₹32,916.71",INR,E02/2025/942,paid,Electricals,E-101 S. Anitha,16/06/2025
INV-9601,V-045,PO-4730,03/07/2026,03/07/2026 16:34,"₹4,98,909.58","₹76,104.85",INR,045/2026/943,paid,Facilities,E-114 L. Meena,23/07/2026
INV-9608,V-049,PO-4733,02/04/2025,02/04/2025 15:00,"₹1,35,106.70","₹20,609.50",INR,049/2025/944,paid,Logistics,E-107 N. Devika,22/04/2025
INV-9615,V-R10,PO-4736,03/03/2026,03/03/2026 09:48,"₹2,91,295.03","₹44,434.84",INR,R10/2026/945,paid,Professional Services,E-113 H. Vasanth,23/03/2026
INV-9622,V-037,,16/07/2025,16/07/2025 10:59,"₹63,815.58","₹9,734.58",INR,037/2025/946,paid,Facilities,E-114 L. Meena,14/11/2025
INV-9629,V-057,,11/04/2025,11/04/2025 13:12,"₹2,95,031.58","₹45,004.82",INR,057/2025/947,paid,Logistics,E-101 S. Anitha,10/06/2025
INV-9636,V-048,,20/06/2025,20/06/2025 10:40,"₹3,34,561.77","₹51,034.85",INR,048/2025/948,paid,Packaging,E-104 V. Sundaram,10/10/2025
INV-9643,V-039,,28/06/2025,28/06/2025 11:57,"₹1,44,240.85","₹22,002.84",INR,GST-9001,paid,Packaging,E-102 K. Prakash,18/07/2025
INV-9650,V-039,,26/10/2025,26/10/2025 13:35,"₹88,869.20","₹13,556.32",INR,GST-9001,paid,Facilities,E-102 K. Prakash,15/11/2025
INV-9657,V-041,,08/06/2025,08/06/2025 15:32,"₹1,70,158.55","₹25,956.39",INR,GST-7510,paid,Logistics,E-101 S. Anitha,28/06/2025
INV-9664,V-041,,06/10/2025,06/10/2025 16:22,"₹1,21,435.02","₹18,523.99",INR,GST-7510,paid,Facilities,E-116 F. Nazreen,26/10/2025
INV-9671,V-118,,03/06/2025,03/06/2025 11:36,"₹1,51,814.12","₹23,158.09",INR,GST-5194,paid,IT Hardware,E-101 S. Anitha,23/06/2025
INV-9678,V-118,,01/10/2025,01/10/2025 12:48,"₹1,31,546.16","₹20,066.36",INR,GST-5194,paid,Logistics,E-105 A. Fathima,21/10/2025
INV-9685,V-E01,,03/03/2026,03/03/2026 02:53,"₹43,971.25","₹6,707.48",INR,E01/2026/955,paid,Raw Materials,E-111 B. Senthil,23/03/2026
INV-9692,V-E01,,18/09/2025,18/09/2025 02:05,"₹1,88,060.81","₹28,687.24",INR,E01/2025/956,paid,Packaging,E-116 F. Nazreen,08/10/2025
INV-9699,V-E01,,24/07/2025,24/07/2025 23:28,"₹1,00,470.72","₹15,326.04",INR,E01/2025/957,paid,IT Hardware,E-114 L. Meena,13/08/2025
INV-9706,V-E01,,23/01/2026,23/01/2026 23:49,"₹61,304.11","₹9,351.47",INR,E01/2026/958,paid,IT Hardware,E-115 C. Dinesh,12/02/2026
INV-9713,V-E01,,10/06/2026,10/06/2026 00:21,"₹45,636.71","₹6,961.53",INR,E01/2026/959,paid,Office Supplies,E-113 H. Vasanth,30/06/2026
INV-9720,V-E01,,21/04/2026,21/04/2026 02:15,"₹71,646.20","₹10,929.08",INR,E01/2026/960,paid,Logistics,E-111 B. Senthil,11/05/2026
INV-9727,V-E01,,29/08/2025,29/08/2025 23:59,"₹1,11,024.23","₹16,935.90",INR,E01/2025/961,paid,Facilities,E-111 B. Senthil,18/09/2025
INV-9734,V-E01,,18/02/2026,18/02/2026 00:59,"₹91,867.17","₹14,013.64",INR,E01/2026/962,paid,Packaging,E-114 L. Meena,10/03/2026
INV-9741,V-E01,,17/10/2025,17/10/2025 01:42,"₹77,333.64","₹11,796.66",INR,E01/2025/963,paid,Office Supplies,E-115 C. Dinesh,06/11/2025
INV-9748,V-E01,,30/05/2025,30/05/2025 23:21,"₹1,06,053.99","₹16,177.73",INR,E01/2025/964,paid,Packaging,E-114 L. Meena,19/06/2025
INV-9755,V-E01,,28/03/2025,28/03/2025 03:15,"₹1,04,845.65","₹15,993.40",INR,E01/2025/965,paid,Professional Services,E-103 D. Lakshmi,17/04/2025
INV-9762,V-E01,,18/07/2025,18/07/2025 00:15,"₹99,350.12","₹15,155.10",INR,E01/2025/966,paid,IT Hardware,E-101 S. Anitha,07/08/2025
INV-9769,V-E01,,09/03/2026,09/03/2026 02:16,"₹1,51,651.24","₹23,133.24",INR,E01/2026/967,paid,Logistics,E-113 H. Vasanth,29/03/2026
INV-9776,V-E01,,03/10/2025,03/10/2025 23:18,"₹1,33,134.15","₹20,308.60",INR,E01/2025/968,paid,Facilities,E-116 F. Nazreen,23/10/2025
INV-9783,V-030,,08/10/2025,08/10/2025 23:54,"₹38,289.54","₹5,840.78",INR,030/2025/969,paid,Electricals,E-111 B. Senthil,28/10/2025
INV-9790,V-030,,17/02/2026,17/02/2026 00:56,"₹89,474.17","₹13,648.60",INR,030/2026/970,paid,Logistics,E-105 A. Fathima,09/03/2026
INV-9797,V-030,,20/03/2025,20/03/2025 02:51,"₹1,84,435.00","₹28,134.15",INR,030/2025/971,paid,Professional Services,E-116 F. Nazreen,09/04/2025
INV-9804,V-030,,12/06/2026,12/06/2026 23:38,"₹1,54,546.17","₹23,574.84",INR,030/2026/972,paid,Packaging,E-112 G. Priya,02/07/2026
INV-9811,V-030,,03/04/2026,03/04/2026 00:16,"₹99,225.94","₹15,136.16",INR,030/2026/973,paid,Electricals,E-100 R. Muthukumar,23/04/2026
INV-9818,V-030,,24/07/2025,24/07/2025 02:53,"₹86,023.59","₹13,122.24",INR,030/2025/974,paid,IT Hardware,E-116 F. Nazreen,13/08/2025
INV-9825,V-030,,30/06/2025,30/06/2025 23:43,"₹89,385.94","₹13,635.14",INR,030/2025/975,paid,Packaging,E-105 A. Fathima,20/07/2025
INV-9832,V-030,,23/03/2026,23/03/2026 02:30,"₹96,748.60","₹14,758.26",INR,030/2026/976,paid,Logistics,E-101 S. Anitha,12/04/2026
INV-9839,V-030,,22/10/2025,22/10/2025 23:32,"₹1,22,534.23","₹18,691.66",INR,030/2025/977,paid,Logistics,E-116 F. Nazreen,11/11/2025
INV-9846,V-030,,15/05/2026,15/05/2026 23:36,"₹1,74,759.34","₹26,658.20",INR,030/2026/978,paid,Packaging,E-114 L. Meena,04/06/2026
INV-9853,V-030,,17/07/2026,17/07/2026 01:56,"₹46,928.47","₹7,158.58",INR,030/2026/979,paid,Facilities,E-115 C. Dinesh,06/08/2026
INV-9860,V-030,,26/03/2026,26/03/2026 03:31,"₹1,48,137.70","₹22,597.28",INR,030/2026/980,paid,Facilities,E-113 H. Vasanth,15/04/2026
INV-9867,V-030,,02/05/2025,02/05/2025 02:56,"₹1,03,055.50","₹15,720.33",INR,030/2025/981,paid,IT Hardware,E-106 P. Raghavan,22/05/2025
INV-9874,V-030,,08/08/2025,08/08/2025 01:34,"₹1,43,321.61","₹21,862.62",INR,030/2025/982,paid,Electricals,E-101 S. Anitha,28/08/2025
INV-9881,V-FM00,,13/05/2026,13/05/2026 17:57,"₹76,755.36","₹11,708.45",INR,M00/2026/983,paid,Logistics,E-111 B. Senthil,02/06/2026
INV-9888,V-FM01,,07/04/2026,07/04/2026 15:56,"₹51,303.39","₹7,825.94",INR,M01/2026/984,paid,Facilities,E-102 K. Prakash,27/04/2026
INV-9895,V-FM02,,02/10/2025,02/10/2025 15:31,"₹55,305.04","₹8,436.36",INR,M02/2025/985,paid,Electricals,E-113 H. Vasanth,22/10/2025
INV-9902,V-FM03,,19/07/2025,19/07/2025 11:24,"₹82,300.87","₹12,554.37",INR,M03/2025/986,paid,Logistics,E-105 A. Fathima,08/08/2025
INV-9909,V-FM04,,18/06/2026,18/06/2026 12:05,"₹67,219.33","₹10,253.80",INR,M04/2026/987,paid,Electricals,E-102 K. Prakash,08/07/2026
INV-9916,V-FM05,,17/04/2026,17/04/2026 11:03,"₹52,890.87","₹8,068.10",INR,M05/2026/988,paid,Facilities,E-108 M. Sathish,07/05/2026
INV-9923,V-FM06,,19/12/2025,19/12/2025 12:28,"₹51,159.13","₹7,803.93",INR,M06/2025/989,paid,IT Hardware,E-115 C. Dinesh,08/01/2026
INV-9930,V-FM07,,18/03/2026,18/03/2026 14:45,"₹56,400.23","₹8,603.42",INR,M07/2026/990,paid,Packaging,E-103 D. Lakshmi,07/04/2026
INV-9937,V-FM08,,05/08/2026,05/08/2026 18:06,"₹77,629.35","₹11,841.77",INR,M08/2026/991,paid,Facilities,E-117 Q. Ravi,25/08/2026
INV-9944,V-FM09,,25/07/2025,25/07/2025 12:36,"₹13,279.30","₹2,025.66",INR,M09/2025/992,paid,IT Hardware,E-105 A. Fathima,14/08/2025
INV-9951,V-FM10,,23/04/2026,23/04/2026 13:21,"₹75,094.73","₹11,455.13",INR,M10/2026/993,paid,Office Supplies,E-108 M. Sathish,13/05/2026
INV-9958,V-FM11,,29/04/2026,29/04/2026 16:47,"₹11,883.55","₹1,812.74",INR,M11/2026/994,paid,Professional Services,E-100 R. Muthukumar,19/05/2026
INV-9965,V-FM12,,29/01/2026,29/01/2026 19:44,"₹72,629.15","₹11,079.02",INR,M12/2026/995,paid,Office Supplies,E-105 A. Fathima,18/02/2026
INV-9972,V-FM13,,30/06/2025,30/06/2025 13:00,"₹29,659.67","₹4,524.36",INR,M13/2025/996,paid,Packaging,E-107 N. Devika,20/07/2025
INV-9979,V-FM14,,21/08/2026,21/08/2026 13:42,"₹49,016.48","₹7,477.09",INR,M14/2026/997,paid,Electricals,E-102 K. Prakash,10/09/2026
INV-9986,V-IE00,,26/01/2026,26/01/2026 12:56,"₹39,840.04","₹6,077.29",INR,E00/2026/998,paid,Raw Materials,E-103 D. Lakshmi,15/02/2026
INV-9993,V-IE01,,06/08/2026,06/08/2026 09:03,"₹49,431.19","₹7,540.35",INR,E01/2026/999,paid,IT Hardware,E-107 N. Devika,26/08/2026
INV-10000,V-IE02,,17/06/2025,17/06/2025 14:05,"₹53,057.75","₹8,093.56",INR,E02/2025/1000,paid,Professional Services,E-109 J. Kavitha,07/07/2025
INV-10007,V-IE03,,22/04/2025,22/04/2025 09:34,"₹1,09,464.40","₹16,697.96",INR,E03/2025/1001,paid,Electricals,E-102 K. Prakash,12/05/2025
INV-10014,V-IE04,,02/03/2026,02/03/2026 10:13,"₹73,795.57","₹11,256.95",INR,E04/2026/1002,paid,Packaging,E-105 A. Fathima,22/03/2026
INV-10021,V-IE05,,17/04/2026,17/04/2026 16:32,"₹2,54,146.24","₹38,768.07",INR,E05/2026/1003,paid,IT Hardware,E-112 G. Priya,07/05/2026
INV-10028,V-IE06,,29/12/2025,29/12/2025 11:47,"₹1,81,659.41","₹27,710.76",INR,E06/2025/1004,paid,Logistics,E-108 M. Sathish,18/01/2026
INV-10035,V-IE07,,30/07/2025,30/07/2025 16:16,"₹2,17,765.10","₹33,218.40",INR,E07/2025/1005,paid,IT Hardware,E-104 V. Sundaram,19/08/2025
INV-10042,V-AC00,,31/05/2025,31/05/2025 15:21,"₹1,01,691.29","₹15,512.23",INR,C00/2025/1006,paid,Raw Materials,E-113 H. Vasanth,20/06/2025
INV-10049,V-AC01,,17/08/2026,17/08/2026 19:49,"₹30,377.16","₹4,633.80",INR,C01/2026/1007,paid,Facilities,E-108 M. Sathish,06/09/2026
INV-10056,V-AC02,,10/04/2025,10/04/2025 14:29,"₹44,369.50","₹6,768.23",INR,C02/2025/1008,paid,Facilities,E-103 D. Lakshmi,30/04/2025
